Column1;ID;Country of Origin;Farm Name;Lot Number;Mill;Company;Altitude;Region;Producer;Number of Bags;Bag Weight;In-Country Partner;Harvest Year;Grading Date;Owner;Variety;Status;Processing Method;Aroma;Flavor;Aftertaste;Acidity;Body;Balance;Uniformity;Clean Cup;Sweetness;Overall;Defects;Total Cup Points;Moisture Percentage;Category One Defects;Quakers;Color;Category Two Defects;Expiration;Certification Body
0;0;Colombia;Finca El Paraiso;CQU2022015;Finca El Paraiso;Coffee Quality Union;1700-1930;Piendamo,Cauca;Diego Samuel Bermudez;1;35 kg;Japan Coffee Exchange;2021 / 2022;September 21st, 2022;Coffee Quality Union;Castillo;Completed;Double Anaerobic Washed;85,8;85;84,2;85,8;82,5;84,2;100;100;100;85,8;0;89,33;11,8;0;0;green;3;September 21st, 2023;Japan Coffee Exchange
1;1;Taiwan;Royal Bean Geisha Estate;The 2022 Pacific Rim Coffee Summit,T037;Royal Bean Geisha Estate;Taiwan Coffee Laboratory;1200;Chiayi;Zeng Fusen;1;80 kg;Taiwan Coffee Laboratory;2021 / 2022;November 15th, 2022;Taiwan Coffee Laboratory;Gesha;Completed;Washed / Wet;85;85;79,2;80;79,2;82,5;100;100;100;85;0;87,58;10,5;0;0;blue-green;0;November 15th, 2023;Taiwan Coffee Laboratory 
2;2;Laos;OKLAO coffee farms;The 2022 Pacific Rim Coffee Summit,LA01;oklao coffee processing plant;Taiwan Coffee Laboratory;1300;Laos Borofen Plateau;WU TAO CHI;19;25 kg;Taiwan Coffee Laboratory;2021 / 2022;November 15th, 2022;Taiwan Coffee Laboratory;Java;Completed;Semi Washed;83,3;84,2;80,8;81,7;79,2;81,7;100;100;100;83,3;0;87,42;10,4;0;0;yellowish;2;November 15th, 2023;Taiwan Coffee Laboratory
3;3;Costa Rica;La Cumbre;CQU2022017;La Montana Tarrazu MIll;Coffee Quality Union;1900;Los Santos,Tarrazu;Santa Maria de Dota;1;22 kg;Japan Coffee Exchange;2022;September 21st, 2022;Coffee Quality Union;Gesha;Completed;Washed / Wet;80,8;81,7;81,7;82,5;81,7;80,8;100;100;100;82,5;0;87,17;11,8;0;0;green;0;September 21st, 2023;Japan Coffee Exchange
4;4;Colombia;Finca Santuario;CQU2023002;Finca Santuario;Coffee Quality Union;1850-2100;Popayan,Cauca;Camilo Merizalde;2;24 kg;Japan Coffee Exchange;2022;March 6th, 2023;Coffee Quality Union;Red Bourbon;Completed;Honey,Mossto;83,3;83,3;80,8;82,5;79,2;79,2;100;100;100;82,5;0;87,08;11,6;0;2;yellow-green;2;March 5th, 2024;Japan Coffee Exchange
5;5;Guatemala;La Colina;The 2022 Pacific Rim Coffee Summit,GT02;Dinámica Café;Taiwan Coffee Laboratory;1668;Chimaltenango;Emilio Antonio Medina Garcia;5;30 kg;Taiwan Coffee Laboratory;2022;November 15th, 2022;Taiwan Coffee Laboratory;Gesha;Completed;Washed / Wet;83,3;83,3;82,5;78,3;78,3;81,7;100;100;100;82,5;0;87;10,7;0;0;green;2;November 15th, 2023;Taiwan Coffee Laboratory
6;6;Taiwan;Melastoma Coffee Estate;The 2022 Pacific Rim Coffee Summit,T034;Wild Peony Coffee;Taiwan Coffee Laboratory;1250;Chiayi;Huang Baoxi;1;27 kg;Taiwan Coffee Laboratory;2021 / 2022;November 15th, 2022;Taiwan Coffee Laboratory;Gesha;Completed;Washed / Wet;83,3;81,7;80,8;80;78,3;82,5;100;100;100;82,5;0;86,92;9,1;0;0;green;0;November 15th, 2023;Taiwan Coffee Laboratory 
7;7;Taiwan;Chi Tsai Liu Li Ecological Farm;The 2022 Pacific Rim Coffee Summit,T050;Colorful Glass Coffee Manor;Taiwan Coffee Laboratory;1200;Chiayi;Zhuang Jiarong;1;90 kg;Taiwan Coffee Laboratory;2021 / 2022;November 15th, 2022;Taiwan Coffee Laboratory;Sl34+Gesha;Completed;Natural / Dry;82,5;82,5;81,7;80;79,2;80,8;100;100;100;80,8;0;86,75;10;0;0;yellow green;1;November 15th, 2023;Taiwan Coffee Laboratory 
8;8;Taiwan;Liang Xuan Coffee Farm;The 2022 Pacific Rim Coffee Summit,T018;Liangxuan Coffee Manor;Taiwan Coffee Laboratory;1250;Chiayi;Zhong Xuliang;1;30 kg;Taiwan Coffee Laboratory;2021 / 2022;November 15th, 2022;Taiwan Coffee Laboratory;SL34;Completed;Washed / Wet;80,8;80,8;82,5;80,8;79,2;80;100;100;100;82,5;0;86,67;10,8;0;0;greenish;0;November 15th, 2023;Taiwan Coffee Laboratory 
9;9;Tanzania, United Republic Of;MASHIMA AMCOS;CN 4127230034/4189230113;GOURMET COFFEE MILL;DORMAN (T) LIMITED;1400-1700;KILIMANJARO;DORMAN (T) LIMITED;320;60 kg;Kenya Coffee Traders Association;2022 / 2023;February 1st, 2023;Gilbert Maina;Bourbon;Completed;Washed / Wet;80,8;81,7;80,8;81,7;80;80;100;100;100;80;0;86,5;11;0;0;greenish;0;February 1st, 2024;Kenya Coffee Traders Association
10;10;Ethiopia;TADE GG;010/0296/600;Moledo Company, commissioned selected venues;Marubeni corp.,;1800-2200;Guji;Tesfaye Bekele Degaga;10;30 kg;Japan Coffee Exchange;2021 / 2022;May 31st, 2022;ERI ASAEDA;Ethiopian Heirlooms;Completed;Natural / Dry;80,8;82,5;80;80,8;79,2;79,2;100;100;100;80;0;86,25;11,8;0;1;greenish;1;May 31st, 2023;Japan Coffee Exchange
11;11;Guatemala;Karen Acajabon Coffee Farm;The 2022 Pacific Rim Coffee Summit,GT12;Cafetoland;Taiwan Coffee Laboratory;2000;Acatenango;Karen Acajabon;5;15 kg;Taiwan Coffee Laboratory;2021;November 15th, 2022;Full Sweet Coffee;Gesha;Completed;Natural / Dry;80,8;80;80;77,5;82,5;81,7;100;100;100;80;0;86,25;11,5;0;0;brownish;1;November 15th, 2023;Taiwan Coffee Laboratory 
12;12;Taiwan;Goodfun Coffee Farm;The 2022 Pacific Rim Coffee Summit,T051;Gufeng Coffee Estate;Taiwan Coffee Laboratory;1250;Yunlin;Lai Yanhe;1;60 kg;Taiwan Coffee Laboratory;2021 / 2022;November 15th, 2022;Goodfun;Gesha;Completed;Washed / Wet;80,8;80;80,8;80,8;80;80;100;100;100;80;0;86,25;11,9;0;0;green;0;November 15th, 2023;Taiwan Coffee Laboratory 
13;13;Ethiopia;Gelana Geisha;Grade 1, Guji, Natural, Gelana Geisha;Dry Mill or Hulling Facility;Kerchanshe Trading PLC;1900-2000;Guji;Kerchanshe;40;60 kg;METAD Agricultural Development plc;2021 / 2022;August 26th, 2022;Isreal Degefa;Gesha;Completed;Natural / Dry;76,7;81,7;80;83,3;80;80;100;100;100;80;0;86,17;11,6;0;3;yellow- green;2;August 26th, 2023;METAD Agricultural Development plc
14;14;Colombia;La Gaitania;The 2022 Pacific Rim Coffee Summit,CO03;La Gaitania;Taiwan Coffee Laboratory;1850;tolima;Josue Enciso Suarez;70;35 kg;Taiwan Coffee Laboratory;2021 / 2022;November 15th, 2022;PeiHsun Lin;Caturra;Completed;Washed / Wet;80,8;80;80,8;79,2;80,8;80;100;100;100;80;0;86,17;10,6;0;0;green;0;November 15th, 2023;Taiwan Coffee Laboratory 
15;15;Taiwan;Green Leaf Coffee Estate;The 2022 Pacific Rim Coffee Summit,T014;Green Leaf Coffee Estate;Taiwan Coffee Laboratory;1100;Chiayi;Ye Shiyuan;1;60 kg;Taiwan Coffee Laboratory;2021 / 2022;November 15th, 2022;Taiwan Coffee Laboratory;SL34;Completed;Pulped natural / honey;81,7;80,8;80;79,2;80;79,2;100;100;100;80;0;86,08;10,2;0;0;green;0;November 15th, 2023;Taiwan Coffee Laboratory 
16;16;Ethiopia;Halo Bariti Cooprative;CQU2023006;Halo Bariti Cooprative;Coffee Quality Union;1900-2100;Gedeb,Yirgacheffe,Sidamo;Halo Bariti Cooprative;8;5 kg;Japan Coffee Exchange;2022;April 7th, 2023;Coffee Quality Union;Wolishalo,Kurume,Dega;Completed;Washed / Wet;81,7;80,8;79,2;81,7;77,5;79,2;100;100;100;80,8;0;86,08;11,3;0;2;green;2;April 6th, 2024;Japan Coffee Exchange
17;17;Taiwan;Dongbi Coffee Estate;202203;yes;Dongbi coffee;1300;Shibi, Gukeng Township, Yunlin County Postal Code , Taiwan (R.O.C.);Chen Jingli;5;2 kg;Blossom Valley International;2022;October 24th, 2022;Dongbi;Gesha;Completed;Natural / Dry;80;81,7;80;79,2;79,2;79,2;100;100;100;81,7;0;86,08;10,3;0;0;yellow-green;0;October 24th, 2023;Blossom Valley International
18;18;Taiwan;Cherry Fruit Coffee Farm;202112;yes;Chenyi International G20:G143 Co., Ltd.;1200;Gukeng Township, Yunlin County;Wang Yinghui;8;1 kg;Blossom Valley International;2021 / 2022;October 24th, 2022;Wang Yinghui;Gesha;Completed;Natural / Dry;80,8;81,7;77,5;79,2;78,3;80;100;100;100;81,7;0;85,92;11;0;0;brownish;1;October 24th, 2023;Blossom Valley International
19;19;Tanzania, United Republic Of;BURKA;CN 4127230032/P-9140;GOURMET COFFEE MILL;DORMAN (T) LIMITED;1570-1600;Arusha;DORMAN (T) LIMITED;200;30 kg;Kenya Coffee Traders Association;2022 / 2023;February 1st, 2023;Gilbert Maina;Bourbon;Completed;Washed / Wet;81,7;80;79,2;79,2;81,7;77,5;100;100;100;79,2;0;85,83;10;0;0;greenish;0;February 1st, 2024;Kenya Coffee Traders Association
20;20;Guatemala;Finca Vista Hermosa;The 2022 Pacific Rim Coffee Summit,GT03;El Vergel;Taiwan Coffee Laboratory;1900;Guatemala, Fraijanes, Santa Rosa;Fredy Orantes;8;30 kg;Taiwan Coffee Laboratory;2021 / 2022;November 15th, 2022;Carlos Pascual - Pan Shijie;Gesha;Completed;Natural / Dry;80;79,2;80,8;79,2;77,5;80;100;100;100;80,8;0;85,75;11,6;0;0;yellowish;0;November 15th, 2023;Taiwan Coffee Laboratory 
21;21;Taiwan;Uncle Chung.s Coffee Farm;2022/03;Uncle Chung.s Coffee Farm;Taiwan Coffee Laboratory;850;Zhuoxi Township;YU TING YU;1;20 kg;Taiwan Coffee Laboratory;2022;December 12th, 2022;Yu Ting Yu;Typica;Completed;Natural / Dry;80,8;80;79,2;79,2;80;78,3;100;100;100;79,2;0;85,67;10,4;0;0;green;0;December 12th, 2023;Taiwan Coffee Laboratory 
22;22;Thailand;Hom Doi;1;Machines to peel outer skin of the cherry coffee and coffee is dried manually;Lyrose;1500-1700;Chiang Mai;Lisu farmers;2;1 kg;FABB Academy of Coffee;2021 / 2022;August 16th, 2022;Christian Charmette;Catimor;Completed;Pulped natural / honey;76,7;80;78,3;80;80,8;80;100;100;100;80,8;0;85,67;9,8;0;0;browish-green;5;August 16th, 2023;FABB Academy of Coffee
23;23;Colombia;El Diamante;CQU2023005;El Diamante;Coffee Quality Union;1350;Quindio;Farm Bedoya Arango;6;5 kg;Japan Coffee Exchange;2022;April 7th, 2023;Coffee Quality Union;Castillo Paraguaycito;Completed;-;80,8;80;78,3;81,7;77,5;78,3;100;100;100;80;0;85,67;11,3;0;0;brownish;2;April 6th, 2024;Japan Coffee Exchange
24;24;Taiwan;Yongshun Coffee Manor;The 2022 Pacific Rim Coffee Summit, T003;Yongshun Coffee Manor;Taiwan Coffee Laboratory;1250;Yunlin;Su Ganyong;4;50 kg;Taiwan Coffee Laboratory;2021 / 2022;November 15th, 2022;Taiwan Coffee Laboratory;SL34;Completed;Washed / Wet;78,3;80;79,2;80;80;79,2;100;100;100;79,2;0;85,58;10,6;0;0;bluish-green;0;November 15th, 2023;Taiwan Coffee Laboratory 
25;25;Brazil;Fazenda Recreio;Arara 1;Dry mill;WIT wealth, investments & trust;1250;Vulcanic Region;Diogo T. Dias de Macedo;25;60 kg;Brazil Specialty Coffee Association;2022;January 6th, 2023;Andre Clark;unknown;Completed;Pulped natural / honey;78,3;80,8;78,3;79,2;80;78,3;100;100;100;80;0;85,5;11,3;2;0;green;3;January 6th, 2024;Brazil Specialty Coffee Association
26;26;Taiwan;ZouZhouYuan;The 2022 Pacific Rim Coffee Summit,T024;ZouZhouYuan;Taiwan Coffee Laboratory;1300;Chiayi;Fang Zhenglun;1;100 kg;Taiwan Coffee Laboratory;2021 / 2022;November 15th, 2022;Fang, Cheng Lun;Gesha;Completed;Natural / Dry;79,2;79,2;80;79,2;78,3;79,2;100;100;100;80;0;85,5;9,1;0;0;green;2;November 15th, 2023;Taiwan Coffee Laboratory 
27;27;Taiwan;Songyue Coffee Manor;The 2022 Pacific Rim Coffee Summit,T048;Songyue Coffee Manor;Taiwan Coffee Laboratory;1200;Yunlin;Guo Zhihao;1;90 kg;Taiwan Coffee Laboratory;2021 / 2022;November 15th, 2022;Jhih Hao,GUO;Gesha;Completed;Natural / Dry;81,7;80,8;79,2;80;75,8;78,3;100;100;100;79,2;0;85,5;10,6;0;0;green;0;November 15th, 2023;Taiwan Coffee Laboratory 
28;28;Taiwan;Ta Fu Ya Organic Farm;The 2022 Pacific Rim Coffee Summit,T045;Ta Fu Ya Organic Farm;Taiwan Coffee Laboratory;1060;Chiayi;Chen Qinglong;1;85 kg;Taiwan Coffee Laboratory;2021 / 2022;November 15th, 2022;Taiwan Coffee Laboratory;Gesha;Completed;Natural / Dry;80;80;80;79,2;77,5;79,2;100;100;100;79,2;0;85,5;10,2;0;0;blue-green;0;November 15th, 2023;Taiwan Coffee Laboratory 
29;29;United States (Hawaii);Hokukano Ranch;The 2022 Pacific Rim Coffee Summit,US01;Kona Coffee & Tea;Taiwan Coffee Laboratory;600;Kona;Kona Hills LLC;80;15 kg;Taiwan Coffee Laboratory;2021 / 2022;November 15th, 2022;Taiwan Coffee Laboratory;Typica;Completed;Washed / Wet;80;79,2;80;78,3;76,7;80;100;100;100;80;0;85,42;9,3;0;0;green;0;November 15th, 2023;Taiwan Coffee Laboratory 
30;30;Taiwan;Siang-Ting Organic Farm;2022/3/1(??);Siang-Ting Organic Farm;Taiwan Coffee Laboratory;150-250;Shoufeng Township;Zhang Jin-Yi;3;48 kg;Taiwan Coffee Laboratory;2022;December 12th, 2022;Zhang Jin Yi;Typica;Completed;Washed / Wet;80;80;78,3;78,3;77,5;79,2;100;100;100;80,8;0;85,42;11,4;0;0;bluish-green;0;December 12th, 2023;Taiwan Coffee Laboratory 
31;31;Taiwan;Siang-Ting Organic Farm;2022/02;Siang-Ting Organic Farm;Taiwan Coffee Laboratory;150-250;Shoufeng Township;Zhang Jin-Yi;3;50 kg;Taiwan Coffee Laboratory;2022;December 12th, 2022;Zhang Jin Yi;Typica;Completed;Washed / Wet;79,2;80;78,3;79,2;78,3;78,3;100;100;100;80;0;85,33;10,8;0;0;green;0;December 12th, 2023;Taiwan Coffee Laboratory 
32;32;Taiwan;Jinzan Coffee Estate;2022;Jinzan Coffee Estate;Taiwan Coffee Laboratory;668;Dongshan Dist., Tainan City;Ye Ming-Zan (YE, MING-ZAN);4;5 kg;Taiwan Coffee Laboratory;2022;June 8th, 2022;Taiwan Coffee Laboratory;Gesha;Completed;Washed / Wet;80,8;81,7;76,7;78,3;76,7;79,2;100;100;100;80;0;85,33;11,3;0;0;green;0;June 8th, 2023;Taiwan Coffee Laboratory 
33;33;Ethiopia;Eshetu farm;Washed Limmu;Lata Agri Export;Alo Coffee;1950;Oromia;Eshetu;320;60 kg;METAD Agricultural Development plc;2021 / 2022;June 6th, 2022;Tamiru Tadesse Tesema;Ethiopian Heirlooms;Completed;Washed / Wet;76,7;78,3;78,3;80;80;80;100;100;100;80;0;85,33;9,9;0;2;green;3;June 6th, 2023;METAD Agricultural Development plc
34;34;Ethiopia;Uraga Bisrat washing station;65;dry mill;TADESSE DESTA IMPORT & EXPORT;2150 - 2350;Southern Ethiopia Guji;Bisrat Melaku;320;60 kg;METAD Agricultural Development plc;2021 / 2022;September 30th, 2022;Tadessa Desta Amene;Ethiopian Heirlooms;Completed;Natural / Dry;80;80,8;80;80;76,7;77,5;100;100;100;78,3;0;85,33;12,3;0;3;yellow green;4;September 30th, 2023;METAD Agricultural Development plc
35;35;Ethiopia;Yhaenu PLC Farm;1;GUJI COFFEE EXPORT P.L.C;Yhaenu plc;1700;OROMIA;YHAENU PLC;320;19200 kg;METAD Agricultural Development plc;2021 / 2022;December 12th, 2022;YHAENU PLC;Ethiopian Heirlooms;Completed;Washed / Wet;79,2;77,5;78,3;81,7;80;77,5;100;100;100;78,3;0;85,25;9,4;0;1;greenish;1;December 12th, 2023;METAD Agricultural Development plc
36;36;Taiwan;Zhuowushan Coffee Farm;The 2022 Pacific Rim Coffee Summit, T004;Zhuowushan Coffee Farm;Taiwan Coffee Laboratory;1200;Chiayi;Xu Dingye;1;100 kg;Taiwan Coffee Laboratory;2021 / 2022;November 15th, 2022;Hsu Ting Yey;Gesha;Completed;Washed / Wet;80;79,2;78,3;79,2;78,3;78,3;100;100;100;79,2;0;85,25;9,5;0;0;bluish-green;0;November 15th, 2023;Taiwan Coffee Laboratory 
37;37;Taiwan;YU SIANG Coffee Estate;2022;YU SIANG Coffee Estate;Taiwan Coffee Laboratory;650;Dongshan Dist., Tainan City;Chen Jianyuan;20;5 kg;Taiwan Coffee Laboratory;2022;June 8th, 2022;Taiwan Coffee Laboratory;Gesha;Completed;Pulped natural / honey;82,5;80,8;78,3;77,5;76,7;77,5;100;100;100;79,2;0;85,25;11,3;0;0;green;0;June 8th, 2023;Taiwan Coffee Laboratory 
38;38;Kenya;Small Holder;5516;NKG;IBERO (K) LTD;1600-1900;Central;Small Holder;300;60 kg;Kenya Coffee Traders Association;2022 / 2023;February 28th, 2023;Judith Murimi;SL28;Completed;Washed / Wet;81,7;77,5;78,3;75,8;79,2;80;100;100;100;80;0;85,25;9,2;0;0;greenish;1;February 28th, 2024;Kenya Coffee Traders Association
39;39;Taiwan;Royal Court Coffee Manor;202203;yes;Chen Yi International Co., Ltd.;850;Caoling , Gukeng Township, Yunlin County;Chen Rongfeng;20;1 kg;Blossom Valley International;2017 / 2018;October 24th, 2022;CHEN RONG FENG;Gesha;Completed;Washed / Wet;77,5;79,2;77,5;80;78,3;79,2;100;100;100;80;0;85,17;10,3;0;0;bluish-green;0;October 24th, 2023;Blossom Valley International
40;40;Taiwan;Agriculture Production and Marketing Groups of Hualien Shlin township special crop (coffee) 1st class;2022/01;Agriculture Production and Marketing Groups of Hualien Shlin township special crop (coffee) 1st class;Taiwan Coffee Laboratory;300-500;Show Linxia Township;Li Zhi-xia;1;10 kg;Taiwan Coffee Laboratory;2022;December 12th, 2022;Taiwan Coffee Laboratory;Typica;Completed;Natural / Dry;80;79,2;78,3;79,2;77,5;77,5;100;100;100;79,2;0;85,08;10;0;0;brownish;0;December 12th, 2023;Taiwan Coffee Laboratory 
41;41;Taiwan;Bayi Heights;-;Dryer, Sheller;Maotai Biotech Co., Ltd.;1000;Pingtung, Taiwan;Chen Kehan;1;2 kg;Taiwan Coffee Laboratory;2021 / 2022;December 30th, 2022;Ethan Lee;Typica;Completed;Washed / Wet;80;80,8;76,7;77,5;79,2;78,3;100;100;100;78,3;0;85,08;10,5;0;0;greenish;0;December 30th, 2023;Taiwan Coffee Laboratory 
42;42;Taiwan;Vanilla Manor;A26-Northern Taiwan Specialty Coffee Evaluation;Vanilla Manor;Taiwu Coffee Cooperative;800;Miaoli County;Huang Jianqiulan;1;50 kg;Taiwan Coffee Laboratory;2021 / 2022;January 6th, 2023;Taiwu;Gesha;Completed;Washed / Wet;80;79,2;76,7;80;77,5;78,3;100;100;100;79,2;0;85,08;10;0;0;pale yellow;5;January 6th, 2024;Taiwan Coffee Laboratory 
43;43;Uganda;Gideon Kule;7938;Dry Mill;Kyagalanyi Coffee Limited;1905;Rwenzori;Kyagalanyi Coffee Limited;320;60 kg;Uganda Coffee Development Authority;2021 / 2022;June 29th, 2022;KYAGALANYI COFFEE LIMITED;SL14;Completed;Washed / Wet;80;79,2;77,5;77,5;77,5;79,2;100;100;100;79,2;0;85;11;0;0;green;1;June 29th, 2023;Uganda Coffee Development Authority
44;44;Taiwan;iGfarm;2021/01;iGfarm;Taiwan Coffee Laboratory;150;Shoufeng Township;LIU MENG TSUNG;1;50 kg;Taiwan Coffee Laboratory;2021 / 2022;December 12th, 2022;Liu Meng Tsung;Typica;Completed;-;79,2;80;79,2;80;75,8;77,5;100;100;100;78,3;0;85;10,9;0;0;green;0;December 12th, 2023;Taiwan Coffee Laboratory 
45;45;Taiwan;Qingshanping Coffee Farm;The 2022 Pacific Rim Coffee Summit,T011;Qingshanping Coffee Farm;Taiwan Coffee Laboratory;800;Yunlin;Wang Qinglian;6;50 kg;Taiwan Coffee Laboratory;2021 / 2022;November 15th, 2022;Taiwan Coffee Laboratory;Gesha;Completed;Natural / Dry;81,7;80,8;78,3;76,7;76,7;77,5;100;100;100;78,3;0;85;10,1;0;0;yellow green;0;November 15th, 2023;Taiwan Coffee Laboratory 
46;46;Guatemala;varias fincas;11/15/118;Beneficio Pastores;Peter Schoenfeld, S.A.;1600;Antigua;Variations of products;600;30 kg;National Association of Café;2022 / 2023;April 17th, 2023;Yesica Alejandra Martìnez Vàsquez;Caturra;Completed;Washed / Wet;76,7;80,8;76,7;80;79,2;78,3;100;100;100;78,3;0;85;9,9;0;1;green;1;April 16th, 2024;Asociacion Nacional Del Café
47;47;Guatemala;PEÑA BLANCA;11/951/279;BENEFICIO LAS AMERICAS;OLAM AGRO GUATEMALA, S.A.;4700;Santa Rosa;PABLO CHUY;632;30 kg;National Café Association;2022 / 2023;February 23rd, 2023;Yesica Alejandra Martìnez Vàsquez;Catuai;Completed;Washed / Wet;76,7;80;77,5;79,2;80;78,3;100;100;100;78,3;0;85;11,3;0;0;green;4;February 23rd, 2024;Asociacion Nacional Del Café
48;48;Guatemala;san francisco cotzal;11/441/50;inmobiliaria and inversiones of mil, s.a.;inmobiliaria and inversiones of mil, s.a.;1600;quiche;san francisco cotzal;275;69 kg;National Association of Café;2021 / 2022;June 22nd, 2022;Angelica Paola Citan Lopez;Caturra;Completed;Washed / Wet;78;79,2;77,5;80;77,5;77,5;100;100;100;79,2;0;84,92;11,7;0;3;green;1;June 22nd, 2023;Asociacion Nacional Del Café
49;49;Taiwan;Liuquwo;A03-Northern Taiwan Specialty Coffee Evaluation;Liuquwo;Taiwu Coffee Cooperative;350-400;Hsinchu County;Huang Jungan;1;13 kg;Taiwan Coffee Laboratory;2021 / 2022;January 6th, 2023;Taiwu;Typica;Completed;Washed / Wet;79,2;79,2;78,3;78,3;77,5;78,3;100;100;100;78,3;0;84,92;9,5;0;0;green;2;January 6th, 2024;Taiwan Coffee Laboratory 
50;50;Taiwan;Beiping Forest;A23-Northern Taiwan Specialty Coffee Evaluation;Beiping Forest;Taiwu Coffee Cooperative;230;Hsinchu County;Dai Zhennan;1;4 kg;Taiwan Coffee Laboratory;2021 / 2022;January 6th, 2023;Taiwu;Yellow Bourbon;Completed;Natural / Dry;80;80;77,5;77,5;76,7;77,5;100;100;100;79,2;0;84,83;9,7;0;0;brownish;0;January 6th, 2024;Taiwan Coffee Laboratory 
51;51;Indonesia;PT Indo CafCo North Sumatera;016/1513/262;PT Indo CafCo;InterAmerican Coffee;1200;Aceh Tengah;PT Indo CafCo North Sumatera;320;60 kg;NKG Quality Service (a division of Bernhard Rothfos Intercafé AG);2022;September 23rd, 2022;Charles Umeano;Catimor;Completed;-;78,3;79,2;77,5;78,3;78,3;78,3;100;100;100;78,3;0;84,83;11,9;0;3;bluish-green;2;September 23rd, 2023;NKG Quality Service (a division of Bernhard Rothfos Intercafé AG)
52;52;Peru;Ruya Yayu Farm;The 2022 Pacific Rim Coffee Summit,PE02;no.;Taiwan Coffee Laboratory;1750;Villa Rica;Ruya Yayu;3;5 kg;Taiwan Coffee Laboratory;2022;November 15th, 2022;Taiwan Coffee Laboratory;Gesha;Completed;Washed / Wet;80;80;78,3;78,3;75,8;78,3;100;100;100;77,5;0;84,83;10,7;0;0;greenish;0;November 15th, 2023;Taiwan Coffee Laboratory 
53;53;Tanzania, United Republic Of;IYENGA;S59588/P03989;CITY COFFEE LTD;VOLCAFE/TaylorWinch Tanzania Ltd;1654;Mbeya;IYENGA AMCOS;620;30 kg;Kenya Coffee Traders Association;2022 / 2023;November 9th, 2022;Balam Hinyula;Bourbon;Completed;Washed / Wet;79,2;77,5;77,5;79,2;78,3;78,3;100;100;100;78,3;0;84,83;11,2;0;0;greenish;0;November 9th, 2023;Kenya Coffee Traders Association
54;54;Taiwan;UYUBA Smafei Coffee Manor;The 2022 Pacific Rim Coffee Summit,T029;UYUBA Smafei Coffee Manor;Taiwan Coffee Laboratory;1300;Chiayi;Zheng Yuping;1;25 kg;Taiwan Coffee Laboratory;2021 / 2022;November 15th, 2022;Taiwan Coffee Laboratory;SL34;Completed;Natural / Dry;78,3;78,3;76,7;76,7;78,3;80;100;100;100;80;0;84,83;9,5;0;0;greenish;0;November 15th, 2023;Taiwan Coffee Laboratory 
55;55;Taiwan;Moriyue Peak Coffee Estate;The 2022 Pacific Rim Coffee Summit,T039;Moriyue Peak Coffee Estate;Taiwan Coffee Laboratory;1400;Nantou;Wu Zhenhong;1;30 kg;Taiwan Coffee Laboratory;2021 / 2022;November 15th, 2022;Taiwan Coffee Laboratory;SL34;Completed;Washed / Wet;76,7;79,2;79,2;78,3;77,5;78,3;100;100;100;78,3;0;84,75;10,4;0;0;green;0;November 15th, 2023;Taiwan Coffee Laboratory 
56;56;Brazil;Fazenda Guariroba;FBT111;Wet-Hulling;Mirai Seeds Corp.;1100;Campo das Vertentes;Homero Paiva;5;36 kg;Japan Coffee Exchange;2022;February 13th, 2023;Marcelo Itoh;Yellow Bourbon;Completed;Double Carbonic Maceration / Natural;78,3;79,2;77,5;79,2;76,7;78,3;100;100;100;78,3;0;84,75;11,2;0;1;green;5;February 13th, 2024;Japan Coffee Exchange
57;57;Panama;La Santa;2-237-05;La Santa;Panamerican Coffee Trading;1200;Boquete;La Santa;200;30 kg;Specialty Coffee Association of Costa Rica;2022 / 2023;April 26th, 2023;Rodrigo Soto;Catuai;Completed;Washed / Wet;78,3;78,3;77,5;79,2;78,3;77,5;100;100;100;78,3;0;84,75;10,3;0;1;bluish-green;5;April 25th, 2024;Specialty Coffee Association of Costa Rica
58;58;Taiwan;Lanyun Green Sea Coffee;-;Dryer, Sheller;Maotai Biotech Co., Ltd.;1200;Pingtung, Taiwan;Zhuo Ronghua;1;2 kg;Taiwan Coffee Laboratory;2021 / 2022;December 30th, 2022;Ethan Lee;Yellow Bourbon;Completed;Pulped natural / honey;79,2;80,8;76,7;79,2;76,7;77,5;100;100;100;77,5;0;84,75;10;0;0;blue-green;0;December 30th, 2023;Taiwan Coffee Laboratory 
59;59;Guatemala;Varias Fincas;11/15/117;Varios Beneficios;Peter Schoenfeld, S.A.;1600;Huehuetenango;Variations Products;600;30 kg;National Association of Café;2022 / 2023;April 28th, 2023;Yesica Alejandra Martìnez Vàsquez;Caturra;Completed;Washed / Wet;76,7;80;76,7;78,3;79,2;76,7;100;100;100;79,2;0;84,67;10,6;0;0;green;1;April 27th, 2024;Asociacion Nacional Del Café
60;60;Guatemala;SAN RAFAEL URIAS VALDES;11/54876/03;ECO COFFEE;VALBROS, S.A.;4895;ANTIGUA GUATEMALA;VALBROS, S.A.;66;30 kg;National Association of Café;2021 / 2022;May 19th, 2022;Angelica Paola Citan Lopez;Bourbon;Completed;Natural / Dry;78,3;80;76,7;78,3;77,5;77,5;100;100;100;78,3;0;84,67;10,9;0;3;yellow-green;2;May 19th, 2023;Asociacion Nacional Del Café
61;61;Costa Rica;Gamboa Farm;12075;Diagram of the best mountains;CECA S.A.;1850;Tarrazu;Martin Gutierrez;260;69 kg;Specialty Coffee Association of Costa Rica;2022 / 2023;April 19th, 2023;Joselyn Morales Quesada;Caturra;Completed;Washed / Wet;75,8;78,3;75;76,7;78,3;76,7;100;100;100;85,8;0;84,67;10;0;1;green;2;April 18th, 2024;Specialty Coffee Association of Costa Rica
62;62;Taiwan;Villa Roma 8;A11-Northern Taiwan Specialty Coffee Evaluation;Villa Roma 8;Taiwu Coffee Cooperative;200-300;Hsinchu County;Luo Zhenghong;1;16 kg;Taiwan Coffee Laboratory;2021 / 2022;January 6th, 2023;Taiwu;Typica;Completed;Pulped natural / honey;78,3;78,3;77,5;77,5;77,5;77,5;100;100;100;79,2;0;84,58;9,6;0;0;greenish;0;January 6th, 2024;Taiwan Coffee Laboratory 
63;63;Taiwan;Dachu Coffee Estate;2022;Dachu Coffee Estate;Taiwan Coffee Laboratory;700;(Dongshan Dist., Tainan City);Kuo Ya-Tsung;16;5 kg;Taiwan Coffee Laboratory;2022;June 8th, 2022;KUO, YA-TSUNG;Gesha;Completed;Pulped natural / honey;81,7;78,3;76,7;78,3;76,7;76,7;100;100;100;77,5;0;84,58;11,5;0;0;green;0;June 8th, 2023;Taiwan Coffee Laboratory 
64;64;Nicaragua;Finca Las Dos Marias;10 1.1;Compare Coperativo Condega, Esteli, Nicaragua;NicaNoLA Coffee;1350;ESTELI;NicaNoLA Coffee;74;45 kg;Specialty Coffee Association;2021 / 2022;June 9th, 2022;rene j alcebo;Catrenic;Completed;Natural / Dry;79,2;77,5;76,7;76,7;78,3;77,5;100;100;100;80;0;84,58;9,9;1;0;green;2;June 9th, 2023;Specialty Coffee Association
65;65;Taiwan;Yamui Coffee Estate;The 2022 Pacific Rim Coffee Summit,T036;Yamui Coffee Estate;Taiwan Coffee Laboratory;1250;Chiayi;Pu Hanwen;1;80 kg;Taiwan Coffee Laboratory;2021 / 2022;November 15th, 2022;Pu Han Wen;Gesha;Completed;Washed / Wet;80,8;78,3;76,7;76,7;76,7;77,5;100;100;100;79,2;0;84,58;11,2;0;0;green;2;November 15th, 2023;Taiwan Coffee Laboratory 
66;66;Taiwan;Mingyang Garden;The 2022 Pacific Rim Coffee Summit,T042;Mingyang Garden;Taiwan Coffee Laboratory;1450;Chiayi;Wang Zhengyuan;1;104 kg;Taiwan Coffee Laboratory;2021 / 2022;November 15th, 2022;Taiwan Coffee Laboratory;SL34;Completed;Natural / Dry;78,3;80;76,7;77,5;76,7;77,5;100;100;100;79,2;0;84,58;10,3;0;0;green;0;November 15th, 2023;Taiwan Coffee Laboratory 
67;67;Vietnam;CupnCare;The 2022 Pacific Rim Coffee Summit,VN02;CupnCare;Taiwan Coffee Laboratory;650;Quang Tri;TONG PHUC LAM TRADING SERVICES COMPANY LIMITED;3;5 kg;Taiwan Coffee Laboratory;2021 / 2022;November 15th, 2022;Taiwan Coffee Laboratory;Catimor;Completed;Natural / Dry;80;78,3;77,5;76,7;75,8;78,3;100;100;100;79,2;0;84,58;11,6;0;0;brownish;0;November 15th, 2023;Taiwan Coffee Laboratory 
68;68;Costa Rica;La Cumbre;CQU2022018;La Montana Tarrazu MIll;Coffee Quality Union;1900;Los Santos,Tarrazu;Santa Maria de Dota;1;22 kg;Japan Coffee Exchange;2022;October 4th, 2022;Coffee Quality Union;Gesha;Completed;Washed / Wet;77,5;78,3;76,7;78,3;77,5;77,5;100;100;100;79,2;0;84,5;11,7;0;1;green;0;October 4th, 2023;Japan Coffee Exchange
69;69;Taiwan;Miao 55 Coffee Estate;A37-Northern Taiwan Specialty Coffee Evaluation;Miao 55 Coffee Estate;Taiwu Coffee Cooperative;520;Miaoli County;Li Hongyi;1;300 kg;Taiwan Coffee Laboratory;2021 / 2022;January 6th, 2023;Taiwu;unknown;Completed;Pulped natural / honey;77,5;79,2;78,3;77,5;77,5;77,5;100;100;100;77,5;0;84,5;11,3;0;0;bluish-green;0;January 6th, 2024;Taiwan Coffee Laboratory 
70;70;Honduras;La Cuchilla;36;Global Coffee;Mercon Honduras;1368;Centro, Lagunetillas-Ajuterique, Comayagua;Jose Nahum Maldonado;340;69 kg;Hondureño del Café;2022 / 2023;April 25th, 2023;International Commercial Bank of Honduras SA of CV;Catuai;Completed;Washed / Wet;78,3;79,2;77,5;77,5;77,5;77,5;100;100;100;77,5;0;84,5;9,8;0;0;green;3;April 24th, 2024;Instituto Hondureño del Café
71;71;Ethiopia;TRACON TRADING PLC;712;5.2Ha;Tracon Trading PLC;1943;Ethiopia;TRACON TRADING PLC;584;30 kg;Blossom Valley International;2021 / 2022;August 23rd, 2022;LI XIAO FEI;Ethiopian Heirlooms;Completed;Washed / Wet;79,2;78,3;77,5;79,2;75,8;76,7;100;100;100;78,3;0;84,5;10,9;0;0;green;9;August 23rd, 2023;Blossom Valley International
72;72;Taiwan;917 Farm;2021/11;917 Farm;Taiwan Coffee Laboratory;400;Yuli Township;Huang Yi-xuan;1;20 kg;Taiwan Coffee Laboratory;2021 / 2022;December 12th, 2022;Ella Huang;Typica;Completed;Natural / Dry;80,8;79,2;77,5;78,3;75;75,8;100;100;100;78,3;0;84,5;10,2;0;0;green;0;December 12th, 2023;Taiwan Coffee Laboratory 
73;73;Taiwan;Royal Court Coffee Manor;The 2022 Pacific Rim Coffee Summit,T031;Royal Court Coffee Manor;Taiwan Coffee Laboratory;850;Yunlin;Chen Rongfeng;1;100 kg;Taiwan Coffee Laboratory;2021 / 2022;November 15th, 2022;Taiwan Coffee Laboratory;Gesha;Completed;Washed / Wet;78,3;80;75;77,5;77,5;77,5;100;100;100;78,3;0;84,42;10,1;0;0;bluish-green;1;November 15th, 2023;Taiwan Coffee Laboratory 
74;74;Guatemala;Finca Alta Luz;11-63-657;no.;Pacific Ocean Reservations, s.a.;1300-1400;Huehuetenango;Maria de los Angeles Perez;600;30 kg;National Association of Café;2022 / 2023;April 26th, 2023;Yesica Alejandra Martìnez Vàsquez;Bourbon;Completed;Washed / Wet;76,7;78,3;77,5;77,5;78,3;77,5;100;100;100;77,5;0;84,33;9,2;0;1;green;5;April 25th, 2024;Asociacion Nacional Del Café
75;75;United States (Hawaii);Miranda's Farm;Islander’s Coffee for Pacific Rim Summit;Greenwell;Taiwan Coffee Laboratory;1300;Ka'u district of Big Island;Jose & Berta Miranda;10;10 kg;Taiwan Coffee Laboratory;2022;November 9th, 2022;Taiwan Coffee Laboratory;Catuai;Completed;Washed / Wet;79,2;78,3;77,5;79,2;75;76,7;100;100;100;77,5;0;84,33;10,1;3;0;yellow-green;7;November 9th, 2023;Taiwan Coffee Laboratory 
76;76;Ethiopia;Bisrat Melaku Washing Station;65;Washing Station;Tadesse Desta import export;2361;Addis Ababa;Bisrat Melaku;320;60 kg;METAD Agricultural Development plc;2021 / 2022;September 19th, 2022;Tadesse Desta;Ethiopian Heirlooms;Completed;Natural / Dry;78,3;77,5;75,8;79,2;80;75;100;100;100;77,5;0;84,33;11;0;5;yellow green;4;September 19th, 2023;METAD Agricultural Development plc
77;77;El Salvador;San Nicolas;The 2022 Pacific Rim Coffee Summit,SV01;San Nicolas;Taiwan Coffee Laboratory;1500;Chalatenango;various producers;20;30 kg;Taiwan Coffee Laboratory;2021;November 15th, 2022;Taiwan Coffee Laboratory;Pacamara;Completed;Pulped natural / honey;78,3;78,3;78,3;78,3;76,7;76,7;100;100;100;76,7;0;84,33;10,3;0;0;brownish;4;November 15th, 2023;Taiwan Coffee Laboratory 
78;78;Colombia;Asociacion Tayronaca;NPCO-17418;Trilladora Santa Tirsa;Sucafina NA;2100;Sierra Nevada de Santa Marta;Grupo Tap;275;70 kg;ASOCIACIÓN COLOMBIANA PARA LA EXCELENCIA DEL CAFE;2021 / 2022;May 11th, 2022;Sucafina Colombia SAS;Castillo and Colombia blend;Completed;Washed / Wet;77,5;77,5;77,5;77,5;78,3;76,7;100;100;100;78,3;0;84,33;11,6;0;0;green;1;May 11th, 2023;ASOCIACIÓN COLOMBIANA PARA LA EXCELENCIA DEL CAFE
79;79;Indonesia;Lintong Nihuta/Dolok Sanggul,Sumatera Utara;CQU2022018;Lintong Nihuta/Dolok Sanggul,Sumatera Utara;Coffee Quality Union;1250-1350;Lintong Nihuta/Dolok Sanggul,Sumatera Utara;Lintong Nihuta/Dolok Sanggul,Sumatera Utara;1;60 kg;Japan Coffee Exchange;2022;September 21st, 2022;Coffee Quality Union;Jember,TIM-TIM,Ateng;Completed;Wet Hulling;76,7;76,7;78,3;78,3;76,7;77,5;100;100;100;78,3;0;84,25;11,5;0;1;blue-green;1;September 21st, 2023;Japan Coffee Exchange
80;80;Guatemala;San jose del lago;11/15/96;San Jose del Lago;Peter Schoenfeld, S.A.;1600;Atitlán;Cafetalera Paquim, S.A.;55;30 kg;National Association of Café;2022 / 2023;April 17th, 2023;Yesica Alejandra Martìnez Vàsquez;Typica;Completed;Washed / Wet;75,8;79,2;76,7;77,5;78,3;77,5;100;100;100;77,5;0;84,25;10;0;0;green;1;April 16th, 2024;Asociacion Nacional Del Café
81;81;Madagascar;Mandroso;1;On the farm (mechanical huller and polisher / sorting by hand);Va Va Sarl;1500;Itasy;Marc Dumont;5;60 kg;NKG Quality Service (a division of Bernhard Rothfos Intercafé AG);2022;December 12th, 2022;Marc Dumont;Bourbon;Completed;Washed / Wet;79,2;79,2;75,8;77,5;75,8;76,7;100;100;100;78,3;0;84,25;12,1;0;0;blue-green;0;December 12th, 2023;NKG Quality Service (a division of Bernhard Rothfos Intercafé AG)
82;82;Honduras;La Cuchilla;8;Global Coffee;Mercon Honduras;1368;Centro, Lagunetillas-Ajuterique, Comayagua;Jose Nahum Maldonado;345;30 kg;Hondureño del Café;2022 / 2023;April 25th, 2023;International Commercial Bank of Honduras SA of CV;Catuai;Completed;Washed / Wet;77,5;77,5;75,8;78,3;77,5;77,5;100;100;100;77,5;0;84,17;10,2;0;0;green;2;April 24th, 2024;Instituto Hondureño del Café
83;83;Guatemala;san francisco cotzal;11/441/49;inmobiliaria and inversiones of mil, s.a.;inmobiliaria and inversiones of mil, s.a.;1600;quiche;san francisco cotzal;275;69 kg;National Association of Café;2021 / 2022;May 19th, 2022;Angelica Paola Citan Lopez;Caturra;Completed;Washed / Wet;75,8;79,2;75,8;78,3;77,5;76,7;100;100;100;77,5;0;84,08;11;0;3;green;2;May 19th, 2023;Asociacion Nacional Del Café
84;84;Taiwan;Zhulunzi Manor;A32-Northern Taiwan Specialty Coffee Evaluation;Zhulunzi Manor;Taiwu Coffee Cooperative;150;New Taipei City;Qiu Jianming;1;110 kg;Taiwan Coffee Laboratory;2021 / 2022;January 6th, 2023;Taiwu;unknown;Completed;Pulped natural / honey;78,3;79,2;78,3;75,8;75,8;76,7;100;100;100;76,7;0;84,08;10,8;0;0;greenish;2;January 6th, 2024;Taiwan Coffee Laboratory 
85;85;Taiwan;Yuanfu Coffee Manor;The 2022 Pacific Rim Coffee Summit,T017;Yuanfu Coffee Manor;Taiwan Coffee Laboratory;800;Yunlin;Li Hongqi;1;80 kg;Taiwan Coffee Laboratory;2021 / 2022;November 15th, 2022;Taiwan Coffee Laboratory;Gesha;Completed;Natural / Dry;79,2;77,5;76,7;77,5;77,5;80;933;100;100;79,2;0;84,08;10,6;0;0;yello-green;0;November 15th, 2023;Taiwan Coffee Laboratory 
86;86;Guatemala;varias fincas;11/15/51;El Trèbol/Lìnea Gourmet;Peter Schoenfeld, S.A.;1500-1600;Oriente Santa Rosa;various products;430;30 kg;National Association of Café;2022 / 2023;March 22nd, 2023;Yesica Alejandra Martìnez Vàsquez;Caturra;Completed;Washed / Wet;76,7;78,3;76,7;78,3;77,5;76,7;100;100;100;76,7;0;84,08;11;0;1;green;2;March 21st, 2024;Asociacion Nacional Del Café
87;87;Guatemala;varias fincas;11/15/59;El Trebol/Linea Gourmet;Peter Schoenfeld, S.A.;1500-1600;Sierra de las minas;various products;200;30 kg;National Association of Café;2022 / 2023;March 22nd, 2023;Yesica Alejandra Martìnez Vàsquez;Caturra;Completed;Washed / Wet;76,7;79,2;76,7;77,5;76,7;75,8;100;100;100;77,5;0;84;11;0;2;green;2;March 21st, 2024;Asociacion Nacional Del Café
88;88;Honduras;finca de la casa;The 2022 Pacific Rim Coffee Summit,HN04;De la casa;Taiwan Coffee Laboratory;1800;San Andrés, Lempira;Irma Consuelo Bonilla Hernandez;16;30 kg;Taiwan Coffee Laboratory;2021 / 2022;November 15th, 2022;Kao, SIng-jay;Typica;Completed;Pulped natural / honey;77,5;77,5;77,5;76,7;77,5;76,7;100;100;100;76,7;0;84;9,4;0;0;green;0;November 15th, 2023;Taiwan Coffee Laboratory 
89;89;Tanzania, United Republic Of;KONGONI ESTATE;CN 4127230031/P-9139;RAFIKI MILL;C.DORMAN SEZ LTD;1600-1750;ARUSHA;DORMAN (T) LTD;200;60 kg;Kenya Coffee Traders Association;2022 / 2023;January 3rd, 2023;Gilbert Maina;Bourbon;Completed;Washed / Wet;75,8;76,7;77,5;77,5;77,5;77,5;100;100;100;77,5;0;84;9,8;0;0;greenish;3;January 3rd, 2024;Kenya Coffee Traders Association
90;90;Ethiopia;Ecom Agroindustrial;1077;Beneficio humedo;Mexican Food Dealers SA. de CV;1800;Sidama;Ecom Agroindustrial;300;60 kg;Café A.C. Agricultural Center;2021 / 2022;November 18th, 2022;Mexicanos Descafeinadores S.A de C.V;Ethiopian Heirlooms;Completed;Washed / Wet;80;77,5;75;76,7;76,7;76,7;100;100;100;77,5;0;84;11,3;1;1;green;1;November 18th, 2023;Centro Agroecológico del Café A.C.
91;91;Tanzania, United Republic Of;MASHIMA AMCOS;CN 4127220159/4189220459;GOURMET COFFEE MILL;DORMAN (T) LTD;1400-1700;KILIMANJARO;DORMAN;320;60 kg;Kenya Coffee Traders Association;2022 / 2023;November 21st, 2022;Gilbert Maina;Bourbon;Completed;Washed / Wet;77,5;75,8;75,8;79,2;76,7;77,5;100;100;100;77,5;0;84;11,6;0;0;greenish;2;November 21st, 2023;Kenya Coffee Traders Association
92;92;Colombia;COO;3-002-00883;Laumayer Armenia;InterAmerican Coffee;1400-1700;Huila;Central Business School of Huila;275;70 kg;NKG Quality Service (a division of Bernhard Rothfos Intercafé AG);2022;July 27th, 2022;Charles Umeano;Caturra;Completed;Washed / Wet;76,7;78,3;75,8;79,2;76,7;76,7;100;100;100;76,7;0;84;13,3;0;2;green;3;July 27th, 2023;NKG Quality Service (a division of Bernhard Rothfos Intercafé AG)
93;93;Costa Rica;Gamboa Farm;12077-01;Diagram of the best mountains;CECA S.A.;1850;Tarrazu;Martin Gutierrez;250;35 kg;Specialty Coffee Association of Costa Rica;2022 / 2023;April 19th, 2023;Joselyn Morales Quesada;Caturra;Completed;Washed / Wet;76,7;79,2;75,8;77,5;76,7;75,8;100;100;100;77,5;0;83,92;9,5;0;0;green;2;April 18th, 2024;Specialty Coffee Association of Costa Rica
94;94;Guatemala;El Morito;The 2022 Pacific Rim Coffee Summit,GT01;Sube;Taiwan Coffee Laboratory;1900;New Oriente;Various producers;1;15 kg;Taiwan Coffee Laboratory;2021;November 15th, 2022;Taiwan Coffee Laboratory;Gesha;Completed;Natural / Dry;78,3;78,3;75,8;76,7;76,7;75,8;100;100;100;77,5;0;83,92;11,9;0;0;greenish;0;November 15th, 2023;Taiwan Coffee Laboratory ???????
95;95;Guatemala;San jose del lago;11/15/95;San Jose del Lago;Peter Schoenfeld, S.A.;1600;Atitlán;Cafetalera Paquim, S.A.;35;30 kg;National Association of Café;2022 / 2023;April 17th, 2023;Yesica Alejandra Martìnez Vàsquez;Bourbon;Completed;Washed / Wet;75,8;78,3;75,8;77,5;76,7;77,5;100;100;100;77,5;0;83,92;10;0;1;green;2;April 16th, 2024;Asociacion Nacional Del Café
96;96;Thailand;Baan San Charoen;CQU2022016;Baan San Charoen;Coffee Quality Union;1300-1400;Nan;Phaibul Kitcharoen;1;30 kg;Japan Coffee Exchange;2022;September 21st, 2022;Coffee Quality Union;Catimor;Completed;Natural / Dry;77,5;76,7;75,8;77,5;77,5;76,7;100;100;100;77,5;0;83,92;11,6;0;0;yellowish;3;September 21st, 2023;Japan Coffee Exchange
97;97;Colombia;N / A;3/37/1370;Racafé & CIA S.C.A, Km 5 Vía Pereira;Marubeni Corporation;1411;Pereira;RACAFE & CIA SCA;375;70 kg;Japan Coffee Exchange;2022 / 2023;April 17th, 2023;Ikuto Uehara;-;Completed;Washed / Wet;76,7;77,5;76,7;77,5;76,7;76,7;100;100;100;76,7;0;83,83;11,9;0;1;green;1;April 16th, 2024;Japan Coffee Exchange
98;98;Guatemala;FINCA ALTA LUZ;11/63/908;no.;RETRILLAS DEL PACIFICO, S.A.;1400;HUEHUETENANGO;MARIA DE LOS ANGELES PEREZ;600;30 kg;National Association of Café;2021 / 2022;May 13th, 2022;Angelica Paola Citan Lopez;BOURBON, CATURRA Y CATIMOR;Completed;Natural / Dry;75,8;78,3;76,7;76,7;76,7;76,7;100;100;100;77,5;0;83,83;10,8;0;0;green;4;May 13th, 2023;Asociacion Nacional Del Café
99;99;Guatemala;SAN RAFAEL URIAS VALDES;AMNI-22-0905;BENEFICIO SANTA RITA, S.A.;Cafe National Association;4895 A 5650;ANTIGUA GUATEMALA;VALBROS, S.A.;635;30 kg;National Association of Café;2021 / 2022;May 19th, 2022;Angelica Paola Citan Lopez;Bourbon;Completed;Washed / Wet;75,8;79,2;75;76,7;77,5;76,7;100;100;100;77,5;0;83,83;10,9;0;1;greenish;4;May 19th, 2023;Asociacion Nacional Del Café
100;100;Ethiopia;Gerbicho Lela Cooperative;1;Sidama Coffee Farmers Cooperative Union;Taylor Winch Coffee Ltd;2000;Sidama;Sidama Coffee Farmers Cooperative Union;100;60 kg;Kenya Coffee Traders Association;2021 / 2022;September 9th, 2022;Taylor Winch (Coffee) Ltd.;Ethiopian Heirlooms;Completed;Washed / Wet;78,3;76,7;75;79,2;75;76,7;100;100;100;77,5;0;83,83;12;0;0;green;12;September 9th, 2023;Kenya Coffee Traders Association
101;101;Colombia;N / A;3-0068-00886;Trilladora Popayán;ECOM COLOMBIA;1700;Cauca;Regional producers;285;70 kg;ASOCIACIÓN COLOMBIANA PARA LA EXCELENCIA DEL CAFE;2022 / 2023;February 22nd, 2023;Raúl Vargas;Caturra;Completed;Washed / Wet;79,2;77,5;74,2;75,8;79,2;76,7;100;100;100;75,8;0;83,83;12,1;2;5;green;5;February 22nd, 2024;ASOCIACIÓN COLOMBIANA PARA LA EXCELENCIA DEL CAFE
102;102;United States (Hawaii);various farms;The 2022 Pacific Rim Coffee Summit,US02;Aloha Hills Kona Coffee;Taiwan Coffee Laboratory;400-600;Ka'u;Isla Custom Coffees;4;15 kg;Taiwan Coffee Laboratory;2022;November 15th, 2022;Taiwan Coffee Laboratory;Typica;Completed;Washed / Wet;76,7;79,2;75,8;75,8;75,8;77,5;100;100;100;77,5;0;83,83;11,8;0;3;green;3;November 15th, 2023;Taiwan Coffee Laboratory 
103;103;Colombia;La Gallera;The 2022 Pacific Rim Coffee Summit,CO02;La Gallera;Taiwan Coffee Laboratory;1800;Tolima;Oscar Javier Paez & Family;40;35 kg;Taiwan Coffee Laboratory;2022;November 15th, 2022;PeiHsun Lin;Bourbon Sidra;Completed;Pulped natural / honey;76,7;79,2;76,7;75,8;76,7;76,7;100;100;100;75,8;0;83,75;10,6;0;0;greenish;1;November 15th, 2023;Taiwan Coffee Laboratory 
104;104;Mexico;Finca Custepec;312;Export adore cafe california;Exportadora Café California;1200;Chiapas;Armando Pohlenz;600;30 kg;Café A.C. Agricultural Center;2022 / 2023;April 5th, 2023;ANDREAS KUSSMAUL;Sarchimor;Completed;Washed / Wet;76,7;76,7;75,8;76,7;78,3;75,8;100;100;100;77,5;0;83,75;11,7;4;0;green;12;April 4th, 2024;Centro Agroecológico del Café A.C.
105;105;Colombia;N / A;-;no.;Coffee Quality Institute;;;;1;1 kg;Barista and Coffee Academy of Asia;2022;September 26th, 2022;Coffee Quality Institute;-;Completed;-;78,3;77,5;75;75,8;76,7;76,7;100;100;100;76,7;0;83,67;12,4;1;0;greenish;9;September 26th, 2023;Barista and Coffee Academy of Asia
106;106;Taiwan;Yongshun Coffee Manor;202203;yes;Yongshun;1250;Caoling , Gukeng Township, Yunlin County;Su Ganyong;50;2 kg;Blossom Valley International;2022;October 24th, 2022;Yongshun;SL34;Completed;Washed / Wet;76,7;76,7;77,5;77,5;75;76,7;100;100;100;76,7;0;83,67;10;0;0;bluish-green;0;October 24th, 2023;Blossom Valley International
107;107;Myanmar;Aromatic;The 2022 Pacific Rim Coffee Summit,MM01;Aromatic;Taiwan Coffee Laboratory;1400;South Shan State;Lim;100;30 kg;Taiwan Coffee Laboratory;2022;November 15th, 2022;PeiHsun Lin;Catimor,Catuai,Caturra,Bourbon;Completed;Natural / Dry;78,3;78,3;76,7;75,8;75,8;75,8;100;100;100;75,8;0;83,67;10,2;0;1;pale yellow;1;November 15th, 2023;Taiwan Coffee Laboratory 
108;108;Taiwan;Hengshan Farm;A05-Northern Taiwan Specialty Coffee Evaluation;Hengshan Farm;Taiwu Coffee Cooperative;200-400;Hsinchu County;Luo Yishan;1;13 kg;Taiwan Coffee Laboratory;2021 / 2022;January 6th, 2023;Taiwu;unknown;Completed;Pulped natural / honey;75,8;77,5;76,7;78,3;75;76,7;100;100;100;76,7;0;83,67;9,2;0;0;greenish;0;January 6th, 2024;Taiwan Coffee Laboratory 
109;109;Honduras;Maria Bonita;The 2022 Pacific Rim Coffee Summit,HN01;Cafe Organic Marcala, S.A. (COMSA);Taiwan Coffee Laboratory;1470;San Jose, La Paz;Pedro Turcios;9;15 kg;Taiwan Coffee Laboratory;2021;November 15th, 2022;Taiwan Coffee Laboratory;Parainema;Completed;Natural / Dry;76,7;76,7;75,8;77,5;76,7;76,7;100;100;100;76,7;0;83,67;11,1;0;2;pale yellow;1;November 15th, 2023;Taiwan Coffee Laboratory 
110;110;Taiwan;Zhengyuan Coffee;A30-Northern Taiwan Specialty Coffee Evaluation;Zhengyuan Coffee;Taiwu Coffee Cooperative;250-400;Hsinchu County;Peng Wenzheng;1;10 kg;Taiwan Coffee Laboratory;2021 / 2022;January 6th, 2023;Taiwu;unknown;Completed;Natural / Dry;75,8;76,7;75;77,5;77,5;76,7;100;100;100;76,7;0;83,58;8,4;0;0;green;0;January 6th, 2024;Taiwan Coffee Laboratory 
111;111;Taiwan;Song Mingguang Bat Cave Manor Bat Cave Manor;A14-Northern Taiwan Specialty Coffee Evaluation;Song Mingguang Bat Cave Manor Bat Cave Manor;Taiwu Coffee Cooperative;250-300;Hsinchu County;Song Mingguang;1;10 kg;Taiwan Coffee Laboratory;2021 / 2022;January 6th, 2023;Taiwu;Typica;Completed;Pulped natural / honey;75,8;77,5;75,8;77,5;75,8;76,7;100;100;100;76,7;0;83,58;9,1;0;0;green;0;January 6th, 2024;Taiwan Coffee Laboratory 
112;112;Guatemala;SAN FRANCISCO COTZAL;P-4142;INMOBILIARIA E INVERSIONES DOS MIL, S. A.;Cafe National Association;1600;QUICHE;SAN FRANCISCO COTZAL;275;69 kg;National Association of Café;2021 / 2022;May 19th, 2022;Angelica Paola Citan Lopez;Caturra;Completed;Washed / Wet;75,8;78,3;75,8;76,7;75,8;75,8;100;100;100;77,5;0;83,58;10,9;0;2;green;4;May 19th, 2023;Asociacion Nacional Del Café
113;113;Honduras;varias;AMNI-22-6011-1;Beneficio seco;Cafe Organico Marcala S.A de C.V.;1400;Marcala;comsa;260;69 kg;Hondureño del Café;2021 / 2022;August 17th, 2022;Eliud Hernandez Gonzales;SHG;Completed;Washed / Wet;77,5;76,7;75,8;75,8;75,8;76,7;100;100;100;76,7;0;83,5;11,2;0;1;green;5;August 17th, 2023;Instituto Hondureño del Café
114;114;Colombia;La fortaleza;3-0104-00202 Popayán Supremo;Trilladora Pubenza;Cafe Colsuaves;1700;Popayán Cauca;La fortaleza;600;30 kg;ASOCIACIÓN COLOMBIANA PARA LA EXCELENCIA DEL CAFE;2022;January 18th, 2023;pablo velosa;Caturra;Completed;Washed / Wet;77,5;77,5;75;75,8;78,3;75;100;100;100;75,8;0;83,5;12,2;0;0;bluish-green;2;January 18th, 2024;ASOCIACIÓN COLOMBIANA PARA LA EXCELENCIA DEL CAFE
115;115;Thailand;Doi Tung Development Project;BOURBON 21/22 (Coffea Arabica);Dry Mill;Doi Tung Development Project;1200 - 1580;North of Thailand;Doi Tung Development Project;2;1 kg;FABB Academy of Coffee;2022;July 14th, 2022;Doi Tung Development Project;Bourbon;Completed;Washed / Wet;74,2;78,3;75,8;76,7;76,7;77,5;100;100;100;75,8;0;83,5;13,1;0;0;green;0;July 14th, 2023;FABB Academy of Coffee
116;116;Ethiopia;YHAENU PLC FARM;1;GUJI COFFEE EXPORT P.L.C;Yhaenu plc;1700;OROMIA;YHAENU PLC;320;19200 kg;METAD Agricultural Development plc;2021 / 2022;November 30th, 2022;YHAENU PLC;Ethiopian Heirlooms;Completed;Washed / Wet;74,2;74,2;74,2;80;79,2;76,7;100;100;100;76,7;0;83,5;10,4;0;1;greenish;11;November 30th, 2023;METAD Agricultural Development plc
117;117;Thailand;Doi Nan;CQU2022011;Doi Nan;Coffee Quality Union;1450;Suan Ya Lung;Chalerm;5;2 kg;Japan Coffee Exchange;2022;June 16th, 2022;Coffee Quality Union;Java;Completed;Washed / Wet;76,7;76,7;75;76,7;75,8;76,7;100;100;100;76,7;0;83,42;11,6;0;2;green;0;June 16th, 2023;Japan Coffee Exchange
118;118;Uganda;Bugisu Shamba;035/170/5021210;Kawacom;Kawacom uganda LTD;1400 - 1900;Mt Elgon;Kawacom Uganda Ltd;150;60 kg;Uganda Coffee Development Authority;2021 / 2022;July 7th, 2022;Kawacom Uganda LTD;SL14;Completed;Washed / Wet;77,5;77,5;75;75;75,8;75,8;100;100;100;77,5;0;83,42;10,1;0;0;green;3;July 7th, 2023;Uganda Coffee Development Authority
119;119;Taiwan;Xiangxiang Jiuyi Coffee Manor;The 2022 Pacific Rim Coffee Summit,T022;Xiangxiang Jiuyi Coffee Manor;Taiwan Coffee Laboratory;1100;Chiayi;Wu Zhaoyun;1;40 kg;Taiwan Coffee Laboratory;2021 / 2022;November 15th, 2022;Wu Jhao Yun;Typica + SL34;Completed;Washed / Wet;77,5;79,2;76,7;79,2;77,5;78,3;867;100;100;79,2;0;83,42;10,1;0;0;blue-green;0;November 15th, 2023;Taiwan Coffee Laboratory 
120;120;Uganda;Masereka William;7969;Dry Mill;Kyagalanyi Coffee Limited;1905;Rwenzori;Kyagalanyi Coffee Limited;320;60 kg;Uganda Coffee Development Authority;2021 / 2022;September 1st, 2022;KYAGALANYI COFFEE LIMITED;SL14;Completed;Washed / Wet;77,5;76,7;75,8;75;76,7;75;100;100;100;76,7;0;83,33;11,1;0;0;green;5;September 1st, 2023;Uganda Coffee Development Authority
121;121;Taiwan;Four molecular channels;A04-Northern Taiwan Specialty Coffee Evaluation;Four molecular channels;Taiwu Coffee Cooperative;200-300;Hsinchu County;Lin Shijie;1;8 kg;Taiwan Coffee Laboratory;2021 / 2022;January 6th, 2023;Taiwu;Typica;Completed;Pulped natural / honey;75,8;76,7;75;77,5;75;75,8;100;100;100;77,5;0;83,33;9,7;0;0;greenish;0;January 6th, 2024;Taiwan Coffee Laboratory 
122;122;Guatemala;MI CAFECITO & LA PROVIDENCIA;1;MI CAFECITO + AGUA SANTA LA PROVIDENCIA + AGUA SANTA;Mr. Brown Cafe;1280-1325;NEW ORIENTE & HUEHUETENANGO;500 PRODUCERS;320;60 kg;Taiwan Coffee Laboratory;2021;December 30th, 2022;MR.BROWN CAFE;MARSELLESA, CATUAI, CATURRA & MARSELLESA, ANACAFE 14, CATUAI;Completed;Washed / Wet;75;77,5;75,8;77,5;76,7;75,8;100;100;100;75;0;83,33;11,4;0;0;green;0;December 30th, 2023;Taiwan Coffee Laboratory 
123;123;Taiwan;Muhua Manor;A21-Northern Taiwan Specialty Coffee Evaluation;Muhua Manor;Taiwu Coffee Cooperative;300;Taoyuan City;Jian Jincai;1;80 kg;Taiwan Coffee Laboratory;2021 / 2022;January 6th, 2023;Taiwu;Typica;Completed;Washed / Wet;75,8;76,7;75,8;77,5;74,2;75,8;100;100;100;77,5;0;83,33;9,6;0;0;green;1;January 6th, 2024;Taiwan Coffee Laboratory 
124;124;Colombia;El Laurel;1;Hulling facility;Minka coffee company LTD;1100;Sierra Nevada de Santa Marta;Eric SELLIN;2;1 kg;FABB Academy of Coffee;2021 / 2022;September 30th, 2022;piradaPKPL;Caturra;Completed;Washed / Wet;76,7;76,7;74,2;77,5;75;77,5;100;100;100;75,8;0;83,33;13,5;0;0;greenish;0;September 30th, 2023;FABB Academy of Coffee
125;125;Costa Rica;Gamboa Farm;12074;Diagram of the best mountains;CECA S.A.;1850;Tarrazu;Martin Gutierrez;320;69 kg;Specialty Coffee Association of Costa Rica;2022 / 2023;April 19th, 2023;Joselyn Morales Quesada;Caturra;Completed;Washed / Wet;75,8;77,5;74,2;76,7;75;77,5;100;100;100;76,7;0;83,33;0;0;0;green;3;April 18th, 2024;Specialty Coffee Association of Costa Rica
126;126;Taiwan;Donghong Coffee Manor;The 2022 Pacific Rim Coffee Summit,T019;Donghong Coffee Manor;Taiwan Coffee Laboratory;750;Yunlin;Chen Shandong;1;100 kg;Taiwan Coffee Laboratory;2021 / 2022;November 15th, 2022;Chen Shan Dong;SL34;Completed;Washed / Wet;77,5;78,3;75,8;75,8;75,8;75;100;100;100;75;0;83,33;10,7;0;0;blue-green;1;November 15th, 2023;Taiwan Coffee Laboratory 
127;127;Thailand;Doi Tung Development Project;TYPICA 21/22 (Coffea Arabica);Dry Mill;Doi Tung Development Project;1300-1500;North of Thailand;Doi Tung Development Project;2;1 kg;FABB Academy of Coffee;2022;July 14th, 2022;Doi Tung Development Project;Typica;Completed;Washed / Wet;79,2;79,2;77,5;73,3;75,8;75;100;100;100;73,3;0;83,33;12,3;0;0;yellow-green;16;July 14th, 2023;FABB Academy of Coffee
128;128;Tanzania, United Republic Of;MASHIMA AMCOS;CN 4127220163/4189220459;GOURMET COFFEE MILL;DORMAN TANZANIA LTD;1400-1700;KILIMANJARO;DORMAN TANZANIA LTD;320;60 kg;Kenya Coffee Traders Association;2022 / 2023;January 3rd, 2023;Gilbert Maina;Bourbon;Completed;Washed / Wet;79,2;76,7;74,2;75;76,7;75,8;100;100;100;75;0;83,25;10,4;0;0;greenish;8;January 3rd, 2024;Kenya Coffee Traders Association
129;129;Brazil;Faculty of Business and Capoeirinha;004/22;Dry mill;Ipanema Coffees;950;Sul de Minas;Ipanema Agriculture SA;960;60 kg;Brazil Specialty Coffee Association;2022 / 2023;February 13th, 2023;Ipanema Coffees;Mundo Novo;Completed;Natural / Dry;75,8;75;75;78,3;76,7;75;100;100;100;76,7;0;83,25;11,6;0;0;green;4;February 13th, 2024;Brazil Specialty Coffee Association
130;130;Taiwan;Bang Bang Organic Farm;A41-Northern Taiwan Specialty Coffee Evaluation;Bang Bang Organic Farm;Taiwu Coffee Cooperative;1100-1200;Miaoli County;Lin Muqing;1;320 kg;Taiwan Coffee Laboratory;2021 / 2022;January 6th, 2023;Taiwu;unknown;Completed;Washed / Wet;77,5;77,5;75,8;76,7;74,2;75;100;100;100;75,8;0;83,25;9,6;0;0;green;1;January 6th, 2024;Taiwan Coffee Laboratory 
131;131;Colombia;Buenos Aires;CQU2023003;Buenos Aires;Coffee Quality Union;1390;Quindio;Chucho Bedoya;2;12 kg;Japan Coffee Exchange;2022;April 7th, 2023;Coffee Quality Union;Red Bourbon,Caturra;Completed;Anaerobico 1000h;76,7;76,7;75,8;76,7;75,8;75,8;100;100;100;75;0;83,25;10,9;0;0;brownish;2;April 6th, 2024;Japan Coffee Exchange
132;132;Honduras;La Bendicion;The 2022 Pacific Rim Coffee Summit,HN03;COMSA (Cafe Organic Marcala, S.A);Taiwan Coffee Laboratory;1600;Marcala, La Paz;Joaquin Suazo;9;15 kg;Taiwan Coffee Laboratory;2021;November 15th, 2022;Taiwan Coffee Laboratory;Lempira;Completed;Washed / Wet;76,7;77,5;76,7;75,8;75;75,8;100;100;100;75;0;83,25;10,5;0;0;bluish-green;3;November 15th, 2023;Taiwan Coffee Laboratory 
133;133;Honduras;varias;AMNI-22-6011-2;Beneficio seco;Cafe Organico Marcala S.A de C.V.;1400;Marcala;comsa;260;69 kg;Hondureño del Café;2021 / 2022;August 17th, 2022;Eliud Hernandez Gonzales;Catuai;Completed;Washed / Wet;77,5;75,8;75,8;75,8;75;75,8;100;100;100;76,7;0;83,25;11,3;0;1;green;5;August 17th, 2023;Instituto Hondureño del Café
134;134;Taiwan;Mido Manor;A35-Northern Taiwan Specialty Coffee Evaluation;Mido Manor;Taiwu Coffee Cooperative;200-300;Hsinchu County;Zhang Xinrong;1;16 kg;Taiwan Coffee Laboratory;2021 / 2022;January 6th, 2023;Taiwu;Typica;Completed;Natural / Dry;77,5;77,5;75;77,5;75;74,2;100;100;100;75;0;83,17;9,7;0;0;greenish;2;January 6th, 2024;Taiwan Coffee Laboratory 
135;135;Taiwan;Sunny Hill;A20-Northern Taiwan Specialty Coffee Evaluation;Sunny Hill;Taiwu Coffee Cooperative;340;Miaoli County;Weng Zhaoan;1;100 kg;Taiwan Coffee Laboratory;2021 / 2022;January 6th, 2023;Taiwu;unknown;Completed;Washed / Wet;76,7;76,7;75;75,8;75,8;75;100;100;100;76,7;0;83,17;11,8;0;0;blue-green;0;January 6th, 2024;Taiwan Coffee Laboratory 
136;136;Laos;Nongluang Bolaven Plateau;DCN03.11.2022;Dao Heuang Group;Dao Heuang Group;1200 - 1300;Nongluang Bolaven Plateau, Champasack, Lao PDR;Dao Heuang Group;26;60 kg;Specialty Coffee Association of Indonesia;2022;December 30th, 2022;Dao Heuang Group;Catimor;Completed;Natural / Dry;76,7;77,5;73,3;76,7;75,8;75;100;100;100;75,8;0;83,08;11,8;0;0;brownish;7;December 30th, 2023;Specialty Coffee Association of Indonesia
137;137;Honduras;La Cuchilla;187;CIGRAH;CIGRAH;1368;Centro, Lagunetillas - Ajuterique, Comayagua;Fausto Nahun Maldonado;250;69 kg;Hondureño del Café;2021 / 2022;May 23rd, 2022;International Commercial Bank of Honduras SA of CV;Catuai;Completed;Washed / Wet;76,7;76,7;75;75,8;75,8;75;100;100;100;75,8;0;83,08;10,6;0;2;green;7;May 23rd, 2023;Instituto Hondureño del Café
138;138;Honduras;Bethel;198;CADEXSA;CADEXSA;1450;Los Planes de Santa Maria, La Paz;Omar Acosta;325;69 kg;Hondureño del Café;2022 / 2023;April 25th, 2023;CADEXSA;Catuai;Completed;Washed / Wet;77,5;75,8;75,8;75,8;75,8;75;100;100;100;75;0;83,08;9,6;0;0;green;2;April 24th, 2024;Instituto Hondureño del Café
139;139;Colombia;EL PRADO;3-59-0654;NEIVA;carcafe ltda;1650;HUILA;FRANKLIN DUSSAN;600;30 kg;ASOCIACIÓN COLOMBIANA PARA LA EXCELENCIA DEL CAFE;2022 / 2023;January 13th, 2023;rodrigo amaya;Caturra;Completed;Washed / Wet;80;76,7;74,2;75,8;75,8;74,2;100;100;100;73,3;0;83;13,1;0;0;bluish-green;1;January 13th, 2024;ASOCIACIÓN COLOMBIANA PARA LA EXCELENCIA DEL CAFE
140;140;Taiwan;Shuqiaowo Manor;A17-Northern Taiwan Specialty Coffee Evaluation;Shuqiaowo Manor;Taiwu Coffee Cooperative;250-300;Hsinchu County;Wang Weishu;1;12 kg;Taiwan Coffee Laboratory;2021 / 2022;January 6th, 2023;Taiwu;Typica;Completed;Pulped natural / honey;75;76,7;75,8;75,8;75;75;100;100;100;75,8;0;82,92;8,9;0;0;blue-green;0;January 6th, 2024;Taiwan Coffee Laboratory 
141;141;Mexico;Finca Tequihua;1;Coatepec, Veracruz;La Villa Coffee Company LLC;1350;ZONGOLICA, VERACRUZ;Martin Tequihuatle Zepahua;141;69 kg;Café A.C. Agricultural Center;2021 / 2022;August 11th, 2022;Alvin La Vaughn Landry;Bourbon;Completed;Washed / Wet;77,5;75;74,2;76,7;75,8;75;100;100;100;75;0;82,92;11,9;2;0;green;1;August 11th, 2023;Centro Agroecológico del Café A.C.
142;142;Colombia;La Argentina;CQU2022013;La Argentina;Coffee Quality Union;1350;Quindio;Augusto Torres;1;12 kg;Japan Coffee Exchange;2021 / 2022;June 16th, 2022;Coffee Quality Union;Typica Gesha;Completed;Washed / Wet;75,8;75;75;76,7;75,8;75;100;100;100;75,8;0;82,92;11,5;0;1;greenish;3;June 16th, 2023;Japan Coffee Exchange
143;143;Taiwan;Songyue Coffee Manor;202203;yes;Chen Yi International Co., Ltd.;1200;Shibi, Gukeng Township, Yunlin County Postal Code , Taiwan (R.O.C.);Guo Liangzhi;300;1 kg;Blossom Valley International;2022;October 24th, 2022;Guo Liangzhi;Gesha;Completed;-;76,7;75;74,2;77,5;74,2;75,8;100;100;100;75,8;0;82,92;10,2;0;0;yellow-green;0;October 24th, 2023;Blossom Valley International
144;144;Honduras;Varias;273;Beneficio Seco Comsa;Cafe Organico Marcala S.A de C.V.;1280;Marcala;Varios;275;69 kg;Hondureño del Café;2022 / 2023;April 24th, 2023;Eliud Hernandez Gonzales;Catuai;Completed;Washed / Wet;76,7;75,8;75;75;75,8;75;100;100;100;75;0;82,83;10;0;0;green;4;April 23rd, 2024;Instituto Hondureño del Café
145;145;Thailand;Doi Tung Development Project;GAYO 21/22 (Coffea Arabica);Dry Mill;Doi Tung Development Project;1300-1500;North of Thailand;Doi Tung Development Project;2;1 kg;FABB Academy of Coffee;2022;July 14th, 2022;Doi Tung Development Project;Gayo;Completed;Washed / Wet;71,7;79,2;75,8;75;75,8;76,7;100;100;100;74,2;0;82,83;11,8;0;0;yellow-green;5;July 14th, 2023;FABB Academy of Coffee
146;146;Vietnam;Ea tan Cooperative;VHA- S3;SIMEXCO DAKLAK LTD;SIMEXCO DAKLAK LTD;900;Eatan Commune, Krong Nang District, Krong Nang Province;Ea Tan Cooperative;22;60 kg;Specialty Coffee Association;2021 / 2022;June 3rd, 2022;Simexco DakLak;Catimor;Completed;Pulped natural / honey;75,8;74,2;75,8;75;76,7;77,5;100;100;100;73,3;0;82,83;13,3;0;0;green;4;June 3rd, 2023;Specialty Coffee Association
147;147;Nicaragua;Finca San Felipe;017-053-0017;Atlantic Ocean Sebaco;Exportadora Atlantic S.A;1200;Matagalpa;Exportadora Atlantic S.A.;275;69 kg;Cafés Specialties in Nicaragua Association;2022 / 2023;January 30th, 2023;Exportadora Atlantic, S.A.;SHG;Completed;Natural / Dry;73,3;75,8;72,5;73,3;77,5;81,7;100;100;100;73,3;0;82,75;10,5;5;2;green;1;January 30th, 2024;Asociación de Cafés Especiales de Nicaragua
148;148;Costa Rica;AMA EL AROMA Micro lot - Sunrise;The 2022 Pacific Rim Coffee Summit,CR01;Micro mill;Taiwan Coffee Laboratory;1450;west village;various producers;10;30 kg;Taiwan Coffee Laboratory;2021;November 15th, 2022;Taiwan Coffee Laboratory;SL28;Completed;Pulped natural / honey;73,3;75;72,5;79,2;77,5;75,8;100;100;100;74,2;0;82,75;11,8;0;0;pale yellow;1;November 15th, 2023;Taiwan Coffee Laboratory 
149;149;Colombia;National Federation of Cafeteros of Colombia;3/01/12857;National Federation of Cafeteros of Colombia;NIPPON COFFEE TRADING CO.,LTD.;1700;Huila;National Federation of Cafeteros of Colombia;250;70 kg;Japan Coffee Exchange;2022;July 11th, 2022;Yukinobu Ueda;Caturra;Completed;Washed / Wet;75,8;76,7;75,8;75;73,3;75;100;100;100;75;0;82,67;11,8;0;1;green;2;July 11th, 2023;Japan Coffee Exchange
150;150;Thailand;Doi Tung Development Project;CATURRA 21/22 (Coffea Arabica);Dry Mill;Doi Tung Development Project;1200 - 1580;North of Thailand;Doi Tung Development Project;2;1 kg;FABB Academy of Coffee;2022;July 14th, 2022;Doi Tung Development Project;Caturra;Completed;Washed / Wet;73,3;75,8;75,8;75;76,7;76,7;100;100;100;73,3;0;82,67;1,3;1;0;greenish;0;July 14th, 2023;FABB Academy of Coffee
151;151;Thailand;Kevin Coffee;21/22;Dry mill;Square Root;1200;Chiang Mai;Kevin Wattana;6;50 kg;Specialty Coffee Institute of Thailand;2021 / 2022;June 14th, 2022;Sajcha tawaytibhong;Bourbon, Catimor, Caturra, Typica;Completed;Natural / Dry;75;75,8;75;74,2;75;75,8;100;100;100;75,8;0;82,67;11,2;0;0;yellow green;0;June 14th, 2023;Specialty Coffee Institute of Thailand
152;152;Honduras;Bethel;197;CADEXSA;CADEXSA;1450;planes in santa maria la paz;Omar Acosta;325;69 kg;Hondureño del Café;2022 / 2023;April 25th, 2023;CADEXSA;Catuai;Completed;Washed / Wet;76,7;75,8;73,3;75;75,8;75;100;100;100;75;0;82,67;9,6;0;0;green;2;April 24th, 2024;Instituto Hondureño del Café
153;153;Taiwan;Bronze Mirror Manor;A01-Northern Taiwan Specialty Coffee Evaluation;Bronze Mirror Manor;Taiwu Coffee Cooperative;165;Miaoli County;Wu Shengfa;1;4 kg;Taiwan Coffee Laboratory;2021 / 2022;January 6th, 2023;Taiwu;unknow;Completed;Natural / Dry;76,7;76,7;74,2;74,2;74,2;75;100;100;100;75;0;82,58;9,8;0;0;green;0;January 6th, 2024;Taiwan Coffee Laboratory 
154;154;Taiwan;Juxiang Garden;A22-Northern Taiwan Specialty Coffee Evaluation;Juxiang Garden;Taiwu Coffee Cooperative;465;Miaoli County;Xie Yuanzhen;1;32 kg;Taiwan Coffee Laboratory;2021 / 2022;January 6th, 2023;Taiwu;Caturra;Completed;Washed / Wet;76,7;75,8;74,2;74,2;75;75;100;100;100;75;0;82,58;8,4;0;0;blue-green;2;January 6th, 2024;Taiwan Coffee Laboratory 
155;155;Nicaragua;Finca Las Dos Marias;4 -3.1;Compare Coperativo Condega, Esteli, Nicaragua;NicaNoLA Coffee;1350;ESTELI;NicaNoLA Coffee;120;45 kg;Specialty Coffee Association;2021 / 2022;June 20th, 2022;rene j alcebo;Parainema;Completed;Washed / Wet;75;75,8;74,2;75,8;75;75,8;100;100;100;74,2;0;82,58;10,1;0;0;green;0;June 20th, 2023;Specialty Coffee Association
156;156;El Salvador;Agua Caliente;ene-26;Agua Caliente;Cafe Salad;1200;Apaneca - Ilamatepec;J.J. Borja Nathan, S.A.;600;30 kg;Salvadoran Coffee Council;2022 / 2023;March 3rd, 2023;Cafe Salad;Bourbon;Completed;Washed / Wet;76,7;73,3;71,7;76,7;78,3;75;100;100;100;73,3;0;82,5;11,3;0;0;green;2;March 2nd, 2024;Salvadoran Coffee Council
157;157;Panama;Finca Lerida;P03769;Finca Lerida;Panamerican Coffee Trading;1200;Boquete;Finca Lerida;200;30 kg;Specialty Coffee Association of Costa Rica;2021 / 2022;May 25th, 2022;Rodrigo Soto;Caturra;Completed;Washed / Wet;77,5;76,7;71,7;76,7;74,2;74,2;100;100;100;74,2;0;82,5;10;0;0;green;0;May 25th, 2023;Specialty Coffee Association of Costa Rica
158;158;Brazil;Fazenda Pedra Preta;MVB-QCert-001/2022;COPAG VARGINHA;Man Volcafe Brasil Ltda.;1100;MANTIQUEIRA / SUL DE MINAS;Eduardo Niero de Souza;620;30 kg;Brazil Specialty Coffee Association;2022 / 2023;November 3rd, 2022;ED&F Man Volcafe Brasil Ltda.;Mundo Novo;Completed;Natural / Dry;75;75,8;75;75;76,7;74,2;100;100;100;73,3;0;82,5;11,8;0;1;bluish-green;1;November 3rd, 2023;Brazil Specialty Coffee Association
159;159;United States (Hawaii);Kainaliu Farm;The 2022 Pacific Rim Coffee Summit,US03;Aloha Hills Kona Coffee;Taiwan Coffee Laboratory;640;Kona;Kainaliu-Kona Coffee Company;4;15 kg;Taiwan Coffee Laboratory;2022;November 15th, 2022;Taiwan Coffee Laboratory;Maragogype;Completed;Washed / Wet;73,3;75,8;75;75;75;75,8;100;100;100;75;0;82,5;11,7;0;0;blue-green;1;November 15th, 2023;Taiwan Coffee Laboratory 
160;160;Mexico;Las Trincheras;The 2022 Pacific Rim Coffee Summit,MX01;Las Trincheras;Taiwan Coffee Laboratory;1340;Veracruz;Jose Cienfuegos;10;15 kg;Taiwan Coffee Laboratory;2021;November 15th, 2022;Full Sweet Coffee;Pacamara;Completed;Washed / Wet;76,7;74,2;75;75;76,7;74,2;100;100;100;73,3;0;82,5;10,7;0;0;pale yellow;0;November 15th, 2023;Taiwan Coffee Laboratory 
161;161;Honduras;La Cuchilla;185;CIGRAH;Mercon Honduras;1368;Centro, Lagunetillas - Ajuterique, Comayagua;Fausto Nahun Maldonado;345;30 kg;Hondureño del Café;2021 / 2022;May 23rd, 2022;International Commercial Bank of Honduras SA of CV;Catuai;Completed;Washed / Wet;75,8;75,8;73,3;75;75,8;74,2;100;100;100;75;0;82,5;10,6;0;0;green;8;May 23rd, 2023;Instituto Hondureño del Café
162;162;Taiwan;Hongxin Coffee Garden;A02-Northern Taiwan Specialty Coffee Evaluation;Hongxin Coffee Garden;Taiwu Coffee Cooperative;139;Hsinchu County;Hu Mingjie;1;200 kg;Taiwan Coffee Laboratory;2021 / 2022;January 6th, 2023;Taiwu;unknown;Completed;Washed / Wet;74,2;74,2;75,8;74,2;75,8;75;100;100;100;75,8;0;82,5;8,4;0;0;green;2;January 6th, 2024;Taiwan Coffee Laboratory 
163;163;Nicaragua;Finca Aurora;1;Beneficio Seco Finca Aurora;Mr. Brown Cafe;1200-1350;Matagalpa, Nicaragua;Sabio Coffee - Enrique Ferrufino & Tania Ferrufino;275;69 kg;Taiwan Coffee Laboratory;2021 / 2022;December 30th, 2022;MR.BROWN CAFE;Caturra-Catuai;Completed;Washed / Wet;75,8;75,8;74,2;74,2;75;75;100;100;100;74,2;0;82,42;11,4;0;0;bluish-green;0;December 30th, 2023;Taiwan Coffee Laboratory 
164;164;Vietnam;Apollo Estate;Apollo Washed 2021;Dry Mill;Sunvirtue Co., Ltd.;1040;Dalat;Yeh, Li Chuan;77;15 kg;Specialty Coffee Association;2021;June 1st, 2022;Sunvirtue Co., Ltd.;Catimor;Completed;Washed / Wet;75;75;73,3;75;75;74,2;100;100;100;75,8;0;82,33;10,5;0;0;bluish-green;0;June 1st, 2023;Specialty Coffee Association
165;165;El Salvador;Agua Caliente;ene-26;Agua Caliente;Cafe Salad;1200;Apaneca - Ilamatepec;J.J. Borja Nathan, S.A.;600;30 kg;Salvadoran Coffee Council;2022 / 2023;February 21st, 2023;Cafe Salad;Bourbon;Completed;Washed / Wet;75;75;74,2;74,2;74,2;76,7;100;100;100;74,2;0;82,33;1,2;0;7;green;10;February 21st, 2024;Salvadoran Coffee Council
166;166;El Salvador;Agua Caliente;ene-74;Agua Caliente;Cafe Salad;1200;Apaneca - Ilamatepec;J.J. Borja Nathan, S.A.;275;69 kg;Salvadoran Coffee Council;2021 / 2022;July 7th, 2022;Cafe Salad;Bourbon;Completed;Washed / Wet;73,3;76,7;72,5;76,7;78,3;74,2;100;100;100;71,7;0;82,33;11,8;0;0;bluish-green;0;July 7th, 2023;Salvadoran Coffee Council
167;167;Taiwan;Baoshan Miliang;A48-Northern Taiwan Specialty Coffee Evaluation;Baoshan Miliang;Taiwu Coffee Cooperative;140;Hsinchu County;Song Xuren;1;5 kg;Taiwan Coffee Laboratory;2021 / 2022;January 6th, 2023;Taiwu;unknown;Completed;Natural / Dry;76,7;75,8;74,2;75;73,3;74,2;100;100;100;74,2;0;82,33;10,8;0;0;green;1;January 6th, 2024;Taiwan Coffee Laboratory 
168;168;Peru;Fundo La Libertado;PR138;Planta Callao;Itochu Corporation;1600;Chanchamayo, La Merced;Sand Crispin Espiritu;275;69 kg;Japan Coffee Exchange;2022 / 2023;July 11th, 2022;Kiichiro Iwata;Caturra;Completed;Washed / Wet;76,7;75;73,3;75,8;73,3;74,2;100;100;100;74,2;0;82,25;11,7;0;1;greenish;3;July 11th, 2023;Japan Coffee Exchange
169;169;United States (Hawaii);Manny's Farm;Islander’s Coffee for Pacific Rim Summit;Manny's Farm;Taiwan Coffee Laboratory;1200;Kona district of Big Island;Manny Ochoa;3;30 kg;Taiwan Coffee Laboratory;2022;November 9th, 2022;Taiwan Coffee Laboratory;Typica;Completed;Washed / Wet;77,5;74,2;73,3;75;73,3;75;100;100;100;73,3;0;82,17;10,6;1;0;green;5;November 9th, 2023;Taiwan Coffee Laboratory 
170;170;Kenya;Kenyan Highlands;CQU2023004;TAYLOR WINCH;Coffee Quality Union;1500-1950;Kericho;Slelected small holder;13;5 kg;Japan Coffee Exchange;2022;April 7th, 2023;Coffee Quality Union;SL28,SL34,Ruiru11;Completed;Washed / Wet;75;75;74,2;75;72,5;75;100;100;100;75;0;82,17;11,2;0;0;green;2;April 6th, 2024;Japan Coffee Exchange
171;171;Honduras;La Cuchilla;184;CIGRAH;Mercon Honduras;1368;Centro, Lagunetillas - Ajuterique, Comayagua;Fausto Nahun Maldonado;125;69 kg;Hondureño del Café;2021 / 2022;May 23rd, 2022;International Commercial Bank of Honduras SA of CV;Catuai;Completed;Washed / Wet;76,7;75;72,5;75;75;73,3;100;100;100;74,2;0;82,17;10,6;0;0;green;8;May 23rd, 2023;Instituto Hondureño del Café
172;172;Taiwan;Jinnuan Farm;A43-Northern Taiwan Specialty Coffee Evaluation;Jinnuan Farm;Taiwu Coffee Cooperative;600;Taoyuan City;He Yuda;1;3 kg;Taiwan Coffee Laboratory;2021 / 2022;January 6th, 2023;Taiwu;unknown;Completed;Washed / Wet;75;76,7;73,3;75;72,5;73,3;100;100;100;75;0;82,08;9,7;0;0;bluish-green;0;January 6th, 2024;Taiwan Coffee Laboratory 
173;173;Taiwan;Haoke Farm;A34-Northern Taiwan Specialty Coffee Evaluation;Haoke Farm;Taiwu Coffee Cooperative;460;Miaoli County;Peng Congming;1;60 kg;Taiwan Coffee Laboratory;2021 / 2022;January 6th, 2023;Taiwu;unknown;Completed;Pulped natural / honey;73,3;74,2;74,2;75;74,2;75;100;100;100;75;0;82,08;8,1;0;0;greenish;3;January 6th, 2024;Taiwan Coffee Laboratory 
174;174;Taiwan;Lala Mountain Zulan Coffee Estate;A50-Northern Taiwan Specialty Coffee Evaluation;Lala Mountain Zulan Coffee Estate;Taiwu Coffee Cooperative;500;Taoyuan City;Zong Suxia;1;20 kg;Taiwan Coffee Laboratory;2021 / 2022;January 6th, 2023;Taiwu;unknown;Completed;Washed / Wet;75;75,8;74,2;74,2;72,5;74,2;100;100;100;74,2;0;82;8,2;0;0;green;1;January 6th, 2024;Taiwan Coffee Laboratory 
175;175;Thailand;Doi Tung Development Project;MIXED DT 21/22 (Coffea Arabica);Dry Mill;Doi Tung Development Project;800-1200;North of Thailand;Doi Tung Development Project;2;1 kg;FABB Academy of Coffee;2022;July 14th, 2022;Doi Tung Development Project;Catimor;Completed;Washed / Wet;71,7;75;74,2;74,2;75,8;75;100;100;100;74,2;0;82;9,8;0;0;green;0;July 14th, 2023;FABB Academy of Coffee
176;176;Costa Rica;San Diego Mill;S019194 - P04178;Dosmil;Popular restaurants in Costa Rica;1500;Corralillo Tarrazu;San Diego Mill;500;30 kg;Specialty Coffee Association of Costa Rica;2018 / 2019;March 29th, 2023;Volcafe Japan;Caturra;Completed;Washed / Wet;74,2;74,2;74,2;73,3;75,8;73,3;100;100;100;75;0;82;10,5;1;2;green;8;March 28th, 2024;Specialty Coffee Association of Costa Rica
177;177;Guatemala;Not Specific;SA4238;Dry Mill of Exportcafe;Marubeni Corporation;1350-1550;Oriente;Exportcafe, S.A.;275;69 kg;Japan Coffee Exchange;2021 / 2022;November 28th, 2022;Ikuto Uehara;unknown;Completed;Washed / Wet;74,2;74,2;74,2;73,3;75;74,2;100;100;100;75;0;82;11,5;0;1;blue-green;2;November 28th, 2023;Japan Coffee Exchange
178;178;Indonesia;Wahana Graha Makmur;015/1686/057;PT. Wahana Graha Makmur Medan;InterAmerican Coffee;1350;Sumatra;PT. Wahana Graha Makmur Group;320;60 kg;NKG Quality Service (a division of Bernhard Rothfos Intercafé AG);2022;August 22nd, 2022;Charles Umeano;unknown;Completed;Pulped natural / honey;76,7;73,3;72,5;76,7;74,2;72,5;100;100;100;74,2;0;82;12,5;0;0;bluish-green;0;August 22nd, 2023;NKG Quality Service (a division of Bernhard Rothfos Intercafé AG)
179;179;Peru;Fundo La Libertad;301R;Planta Callao;Itochu Corporation;1600;Chanchamayo, La Merced;Sandro Crispin Espiritu;275;69 kg;Japan Coffee Exchange;2022 / 2023;July 11th, 2022;Kiichiro Iwata;Caturra;Completed;Washed / Wet;75;75;73,3;75;73,3;73,3;100;100;100;74,2;0;81,92;11,6;0;2;greenish;2;July 11th, 2023;Japan Coffee Exchange
180;180;Guatemala;MULTIPLE SMALLHOLDER FARMS;GF-23392;MULTIPLE SMALLHOLDER FARMS;HARU International Corp, Shou Cheng Coffee;1200~1600;Antigua;La Minita;540;30 kg;Taiwan Coffee Laboratory;2022;November 3rd, 2022;Anderson Wong;Caturra;Completed;Washed / Wet;73,3;74,2;73,3;74,2;75,8;74,2;100;100;100;74,2;0;81,92;10,3;0;0;greenish;1;November 3rd, 2023;Taiwan Coffee Laboratory 
181;181;Taiwan;Arathi;A10-Northern Taiwan Specialty Coffee Evaluation;Arathi;Taiwu Coffee Cooperative;300;Taoyuan City;Li Xiuyuan;1;6 kg;Taiwan Coffee Laboratory;2021 / 2022;January 6th, 2023;Taiwu;Typica;Completed;Pulped natural / honey;72,5;74,2;74,2;75;74,2;74,2;100;100;100;74,2;0;81,83;11,3;0;0;green;0;January 6th, 2024;Taiwan Coffee Laboratory 
182;182;Vietnam;Gaia Farms;221221;Hulling Facility;Brew Baby Coffee Company;5400;Lam Dong Province;Viet Coffee Company Limited;1;1 kg;Firedancer Coffee Consultants;2022 / 2023;April 10th, 2023;Rodney Murray;Catimor;Completed;Pulped natural / honey;75;75;72,5;74,2;74,2;74,2;100;100;100;73,3;0;81,83;11,2;0;0;green;4;April 9th, 2024;Firedancer Coffee Consultants
183;183;Brazil;Site Colinas;CQU2023007;COCARIVE;Coffee Quality Union;1000;Mantiquira de minas;Luis Flavio Pereira de Castro;14;5 kg;Japan Coffee Exchange;2022;April 7th, 2023;Coffee Quality Union;Yellow Catuai;Completed;Pulped natural / honey;75;75;74,2;73,3;73,3;73,3;100;100;100;74,2;0;81,83;11,3;0;0;pale yellow;2;April 6th, 2024;Japan Coffee Exchange
184;184;Brazil;Fazenda Olhos Dagua;1;Owned by producer;Mr.Brown Cafe;900-1000;Sul de Minas;Paulo Enidio Crabi;325;59 kg;Taiwan Coffee Laboratory;2021;December 30th, 2022;MR.BROWN CAFE;Catucai;Completed;Natural / Dry;74,2;75;75,8;73,3;73,3;72,5;100;100;100;73,3;0;81,75;11,1;0;0;yellow-green;0;December 30th, 2023;Taiwan Coffee Laboratory 
185;185;Colombia;More than one;1;Trilladora CCA Buga;Mr.Brown Cafe;1574;Santander;More than one;275;70 kg;Taiwan Coffee Laboratory;2021;December 30th, 2022;MR.BROWN CAFE;Santander;Completed;Washed / Wet;73,3;75;73,3;74,2;74,2;74,2;100;100;100;73,3;0;81,75;11,2;0;0;yellow-green;0;December 30th, 2023;Taiwan Coffee Laboratory 
186;186;Mexico;Finca San José;2;Coatepec, Veracruz;La Villa Coffee Company LLC;1200;Coatepec, Veracruz;José Gerardo Gutierrez Morales;32;69 kg;Café A.C. Agricultural Center;2021 / 2022;August 11th, 2022;Alvin La Vaughn Landry;Typica;Completed;Washed / Wet;75,8;74,2;72,5;72,5;75;73,3;100;100;100;73,3;0;81,67;11,8;2;0;green;2;August 11th, 2023;Centro Agroecológico del Café A.C.
187;187;Costa Rica;HACIENDA SAN IGNACIO;OIC 5-019-0037/ Contenedor: DRYU3106597 / Cliente: O COFFEE;Beneficio La Giorgia;Grupo ECOM;1200;occidente;FJO ORLICH HNO LTDA;100;69 kg;Specialty Coffee Association of Costa Rica;2022 / 2023;March 29th, 2023;Ruddy Azofeifa;Caturra;Completed;Washed / Wet;73,3;74,2;72,5;74,2;74,2;73,3;100;100;100;74,2;0;81,58;9,7;0;2;green;4;March 28th, 2024;Specialty Coffee Association of Costa Rica
188;188;Taiwan;Henglu;A46-Northern Taiwan Specialty Coffee Evaluation;Henglu;Taiwu Coffee Cooperative;300;New Taipei City;Lu Xinghui;1;100 kg;Taiwan Coffee Laboratory;2021 / 2022;January 6th, 2023;Taiwu;Typica;Completed;Pulped natural / honey;74,2;75;73,3;73,3;73,3;73,3;100;100;100;73,3;0;81,58;9;0;0;yellow-green;0;January 6th, 2024;Taiwan Coffee Laboratory 
189;189;Taiwan;Datun 29 Manor;A38-Northern Taiwan Specialty Coffee Evaluation;Datun 29 Manor;Taiwu Coffee Cooperative;435;Taipei City;Hou Yiwei;1;8 kg;Taiwan Coffee Laboratory;2021 / 2022;January 6th, 2023;Taiwu;unknown;Completed;Pulped natural / honey;73,3;75;74,2;73,3;73,3;72,5;100;100;100;73,3;0;81,5;8,5;0;0;green;0;January 6th, 2024;Taiwan Coffee Laboratory 
190;190;Thailand;Doi Tung Development Project;JAVA 21/22 (Coffea Arabica);Dry Mill;Doi Tung Development Project;1300-1500;North of Thailand;Doi Tung Development Project;2;1 kg;FABB Academy of Coffee;2022;July 14th, 2022;Doi Tung Development Project;Java;Completed;Washed / Wet;73,3;74,2;72,5;73,3;75;74,2;100;100;100;71,7;0;81,42;11,6;2;0;green;1;July 14th, 2023;FABB Academy of Coffee
191;191;Thailand;Doi Lan;The 2022 Pacific Rim Coffee Summit,TH07;Miramar Coffee;Taiwan Coffee Laboratory;1400;Chiang Rai;Prakol Saelee;5;15 kg;Taiwan Coffee Laboratory;2021;November 15th, 2022;Full Sweet Coffee;Typica Bourbon Caturra Catimor;Completed;Natural / Dry;74,2;72,5;73,3;74,2;73,3;73,3;100;100;100;72,5;0;81,33;10,5;0;0;yellowish;5;November 15th, 2023;Taiwan Coffee Laboratory 
192;192;Thailand;Doi Tung Development Project;MIXED 21/22 (Coffea Arabica);Dry Mill;Doi Tung Development Project;600-800;North of Thailand;Doi Tung Development Project;2;1 kg;FABB Academy of Coffee;2022;July 14th, 2022;Doi Tung Development Project;Catimor;Completed;Washed / Wet;72,5;72,5;74,2;72,5;74,2;74,2;100;100;100;71,7;0;81,17;10,4;0;0;green;0;July 14th, 2023;FABB Academy of Coffee
193;193;Colombia;Escalera;CQU2022019;Escalera;Coffee Quality Union;1300-1800;Cauca;Escalera;1;30 kg;Japan Coffee Exchange;2021 / 2022;December 22nd, 2022;Coffee Quality Union;Caturra,Colombia,Castillo;Completed;Washed / Wet;74,2;72,5;72,5;74,2;71,7;73,3;100;100;100;73,3;0;81,17;11,4;0;2;greenish;2;December 22nd, 2023;Japan Coffee Exchange
194;194;Brazil;Various farm;38;Dry Mill of Cocapil;Marubeni Corporation;1200;Alta Mogiana-Ibiraci;Cocapil;440;60 kg;Japan Coffee Exchange;2022 / 2023;April 17th, 2023;Ikuto Uehara;unknown;Completed;Natural / Dry;74,2;74,2;72,5;72,5;71,7;72,5;100;100;100;72,5;0;81;10,6;0;2;greenish;1;April 16th, 2024;Japan Coffee Exchange
195;195;El Salvador;Rosario de Maria II, Area de Loma Alta;0623C01;Optimum Coffee, San Salvador, El Salvador;Aprentium Enterprises LLC;1400;Volcan Chinchontepek, San Vicente, El Salvador;Roselia Yglesias;1;2 kg;Salvadoran Coffee Council;2023;March 8th, 2023;Roselia Yglesias;Bourbon;Completed;Natural / Dry;74,2;73,3;73,3;75;70,8;70;100;100;100;71,7;0;80,83;10,5;0;8;bluish-green;7;March 7th, 2024;Salvadoran Coffee Council
196;196;Nicaragua;EXPORTADORA ATLANTIC S.A;017/053/0603;Lavado;ISHIMITSU;1100;;Varios Productores;275;69 kg;Japan Coffee Exchange;2021;July 11th, 2022;Maruyama Kaori;Caturra;Completed;Washed / Wet;72,5;72,5;71,7;73,3;70,8;72,5;100;100;100;71,7;0;80,5;11,5;0;1;greenish;3;July 11th, 2023;Japan Coffee Exchange
197;197;Nicaragua;Sajonia Estate Coffee S.A.;1;Sajonia Estate Coffee S.A.;SAJONIA ESTATE COFFEE S.A.;1000;Jinotega;Sajonia Estate Coffee S.A.;275;69 kg;Asociación de Cafés Especiales de Nicaragua;2022 / 2023;April 20th, 2023;SAJONIA ESTATE COFFEE S.A.;Sarchimor;Completed;Washed / Wet;74,2;71,7;70;70,8;74,2;71,7;100;100;100;71,7;0;80,42;11,2;0;0;green;5;April 19th, 2024;Asociación de Cafés Especiales de Nicaragua
198;198;Colombia;Finca Mallorca;CQU2023001;Finca Mallorca;Coffee Quality Union;1600;Caicedonia,Valle del Cauca;Finca Mallorca;3;10 kg;Japan Coffee Exchange;2022;March 6th, 2023;Coffee Quality Union;Castillo,Caturra,Bourbon;Completed;Washed / Wet;72,5;72,5;71,7;73,3;70;71,7;100;100;100;72,5;0;80,42;11;0;3;greenish;3;March 5th, 2024;Japan Coffee Exchange
199;199;Peru;Fundo La Libertad;PR137;Callao Plant;Itochu Corporation;1600;Chanchamayo, Lamerced;Sandro Crispin Espiritu;275;69 kg;Japan Coffee Exchange;2022 / 2023;June 10th, 2022;Kiichiro Iwata;Caturra;Completed;Washed / Wet;75;72,5;71,7;71,7;71,7;70,8;100;100;100;70;0;80,33;11,8;0;6;greenish;11;June 10th, 2023;Japan Coffee Exchange
200;200;El Salvador;Rosario de Maria II, Area de Menjivar;0523B01;Optimum Coffee, San Salvador, El Salvador;Aprentium Enterprises LLC;1300;Volcan Chinchontepek, San Vicente, El Salvador;Roselia Yglesias;1;2 kg;Salvadoran Coffee Council;2023;March 8th, 2023;Roselia Yglesias;Pacas;Completed;Natural / Dry;70,8;72,5;70,8;74,2;74,2;70,8;100;100;100;70;0;80,33;11,5;0;10;bluish-green;7;March 7th, 2024;Salvadoran Coffee Council
201;201;Brazil;Various farm;002/1738/0029;Dry mill;marubeni;1200;Alta Mogiana-Ibiraci;COCAPIL;440;60 kg;Japan Coffee Exchange;2021 / 2022;July 20th, 2022;Ikuto Uehara;Catuai and Mundo Novo;Completed;Natural / Dry;72,5;71,7;71,7;70,8;71,7;71,7;100;100;100;71,7;0;80,17;11,6;0;1;greenish;2;July 20th, 2023;Japan Coffee Exchange
202;202;Brazil;Fazenda Conquista;019/22;Dry Mill;Ipanema Coffees;950;Sul de Minas;Ipanema Coffees;2240;60 kg;Brazil Specialty Coffee Association;2022 / 2023;February 2nd, 2023;Ipanema Coffees;Mundo Novo;Completed;Natural / Dry;71,7;71,7;69,2;71,7;74,2;71,7;100;100;100;70,8;0;80,08;11,4;0;0;green;4;February 2nd, 2024;Brazil Specialty Coffee Association
203;203;Nicaragua;Finca San Felipe;017-053-0155;Atlantic Ocean Sebaco;Exportadora Atlantic S.A;1200;Matagalpa;Exportadora Atlantic S.A.;300;30 kg;Asociación de Cafés Especiales de Nicaragua;2022 / 2023;March 3rd, 2023;Exportadora Atlantic, S.A.;SHG;Completed;Natural / Dry;73,3;70,8;67,5;71,7;74,2;71,7;100;100;100;70,8;0;80;10,4;0;2;green;12;March 2nd, 2024;Asociación de Cafés Especiales de Nicaragua
204;204;Laos;N / A;105/3/VL7285-005;DRY MILL;Marubeni Corporation;1300;Bolaven Plateau;LAO MINH TIEN COFFEE SOLE CO.,LTD;343;60 kg;Japan Coffee Exchange;2021 / 2022;November 11th, 2022;Ikuto Uehara;Catimor;Completed;Washed / Wet;72,5;71,7;70,8;70;70,8;70,8;100;100;100;70;0;79,67;11,6;0;9;green;11;November 11th, 2023;Japan Coffee Exchange
205;205;El Salvador;Rosario de Maria II, Area de La Pila;0423A01;Optimum Coffee, San Salvador, El Salvador;Aprentium Enterprises LLC;1200;Volcano de San Vicente, La Paz, El Salvador;Roselia Yglesias;1;2 kg;Salvadoran Coffee Council;2023;March 8th, 2023;Roselia Yglesias;Maragogype;Completed;Natural / Dry;65;67,5;67,5;71,7;70,8;70;100;100;100;68,3;0;78,08;11;0;12;bluish-green;13;March 7th, 2024;Salvadoran Coffee Council
206;206;Brazil;Walter Matter;1058 y 1059;Beneficio humedo/seco;Descafeinadores Mexicano SA. de CV;850-1100;Minas Gerais;Walter Matter;600;60 kg;Centro Agroecológico del Café A.C.;2021 / 2022;November 18th, 2022;Descafeinadores Mexicanos S.A de C.V;Mundo Novo;Completed;SEMI-LAVADO;72,5;70,8;66,7;68,3;68,3;66,7;100;100;100;66,7;0;78;11,3;0;0;green;1;November 18th, 2023;Centro Agroecológico del Café A.C.
